"","uh_name","ph_inf","ph_sup","phft","t_max","t_min","cgtr_cooling","cgtr_heating","geometria","azimute","veneziana","componente","absortancia","vidro","open_fac","sombreamento","paf","solo","case","estado","floor","ph_inf_ref","ph_sup_ref","phft_ref","t_max_ref","t_min_ref","cgtr_cooling_ref","cgtr_heating_ref"
"1","0_PR",0.218036529680365,0.000228310502283105,0.781735159817352,26.0903952806126,14.6609582799406,4487337.57236351,936121675.474745,"u_g_geom_0_0_0.txt","rotation_000.txt","u_blind_on.txt","u_construction_sfiso.txt","abs_20.txt","glass_double-fs87.txt","afn_openingfactor100.txt","u_shade_000_geom_0_0_0.txt","u_fenes_17_geom_0_0_0.txt","g",0,"PR","unique",0.259406392694064,0.041552511415525,0.699041095890411,31.4037336937177,12.8865280441075,1599647057.86488,3135382035.61185
"2","0_RJ",0,0.189360730593607,0.810639269406393,31.5589040574072,18.3443154966413,5227133808.86763,0,"u_g_geom_0_0_0.txt","rotation_000.txt","u_blind_on.txt","u_construction_sfiso.txt","abs_20.txt","glass_double-fs87.txt","afn_openingfactor100.txt","u_shade_000_geom_0_0_0.txt","u_fenes_17_geom_0_0_0.txt","g",0,"RJ","unique",0,0.422648401826484,0.577351598173516,37.3091114728026,18.3237584482918,16140845724.051,0
"3","0_SC",0.0386986301369863,0.0352054794520548,0.926095890410959,29.2286152142248,15.6041710130795,947282419.875439,131099763.945068,"u_g_geom_0_0_0.txt","rotation_000.txt","u_blind_on.txt","u_construction_sfiso.txt","abs_20.txt","glass_double-fs87.txt","afn_openingfactor100.txt","u_shade_000_geom_0_0_0.txt","u_fenes_17_geom_0_0_0.txt","g",0,"SC","unique",0.077808219178082,0.150730593607306,0.771461187214612,33.8467584624967,12.7381641878874,5687283780.76555,856449344.631878
"4","0_TO",0,0.208926940639269,0.79107305936073,32.1083773191151,21.4307329949175,7155554375.24242,0,"u_g_geom_0_0_0.txt","rotation_000.txt","u_blind_on.txt","u_construction_sfiso.txt","abs_20.txt","glass_double-fs87.txt","afn_openingfactor100.txt","u_shade_000_geom_0_0_0.txt","u_fenes_17_geom_0_0_0.txt","g",0,"TO","unique",0,0.470296803652968,0.529703196347032,37.1294060171596,22.9477182217018,23576266928.519,0
"5","1_PR",0.22634703196347,0.0220319634703196,0.75162100456621,28.0295710422825,14.2471106941905,672877956.627834,1027672433.55769,"u_g_geom_0_0_0.txt","rotation_000.txt","u_blind_on.txt","u_construction_sfiso.txt","abs_20.txt","glass_double-fs87.txt","afn_openingfactor100.txt","u_shade_000_geom_0_0_0.txt","u_wwr_50_geom_0_0_0.txt","g",1,"PR","unique",0.259406392694064,0.041552511415525,0.699041095890411,31.4037336937177,12.8865280441075,1599647057.86488,3135382035.61185
"6","1_RJ",0.00045662100456621,0.170388127853881,0.829155251141552,33.2068001461223,17.89356275615,5699970714.65516,0,"u_g_geom_0_0_0.txt","rotation_000.txt","u_blind_on.txt","u_construction_sfiso.txt","abs_20.txt","glass_double-fs87.txt","afn_openingfactor100.txt","u_shade_000_geom_0_0_0.txt","u_wwr_50_geom_0_0_0.txt","g",1,"RJ","unique",0,0.422648401826484,0.577351598173516,37.3091114728026,18.3237584482918,16140845724.051,0
"7","1_SC",0.0439954337899543,0.0530365296803651,0.90296803652968,30.1077519667934,14.9623564754232,1831916264.29645,170092976.532537,"u_g_geom_0_0_0.txt","rotation_000.txt","u_blind_on.txt","u_construction_sfiso.txt","abs_20.txt","glass_double-fs87.txt","afn_openingfactor100.txt","u_shade_000_geom_0_0_0.txt","u_wwr_50_geom_0_0_0.txt","g",1,"SC","unique",0.077808219178082,0.150730593607306,0.771461187214612,33.8467584624967,12.7381641878874,5687283780.76555,856449344.631878
"8","1_TO",0,0.194908675799087,0.805091324200913,33.6077705547257,20.3429001945419,7838725420.94899,0,"u_g_geom_0_0_0.txt","rotation_000.txt","u_blind_on.txt","u_construction_sfiso.txt","abs_20.txt","glass_double-fs87.txt","afn_openingfactor100.txt","u_shade_000_geom_0_0_0.txt","u_wwr_50_geom_0_0_0.txt","g",1,"TO","unique",0,0.470296803652968,0.529703196347032,37.1294060171596,22.9477182217018,23576266928.519,0
"9","10_PR",0.263607305936073,0,0.736392694063927,25.3155099899132,14.2497751318744,0,1332094205.67819,"u_g_geom_0_0_0.txt","rotation_000.txt","u_blind_on.txt","u_construction_sfiso.txt","abs_20.txt","glass_fs39.txt","afn_openingfactor100.txt","u_shade_150_geom_0_0_0.txt","u_fenes_17_geom_0_0_0.txt","g",10,"PR","unique",0.259406392694064,0.041552511415525,0.699041095890411,31.4037336937177,12.8865280441075,1599647057.86488,3135382035.61185
"10","10_RJ",0,0.161278538812785,0.838721461187215,31.0712797670047,18.2064684781251,4387895345.05626,0,"u_g_geom_0_0_0.txt","rotation_000.txt","u_blind_on.txt","u_construction_sfiso.txt","abs_20.txt","glass_fs39.txt","afn_openingfactor100.txt","u_shade_150_geom_0_0_0.txt","u_fenes_17_geom_0_0_0.txt","g",10,"RJ","unique",0,0.422648401826484,0.577351598173516,37.3091114728026,18.3237584482918,16140845724.051,0
"11","10_SC",0.0458447488584475,0.0184703196347032,0.935684931506849,28.5506162252433,15.4434961255624,453731072.295868,178665890.430548,"u_g_geom_0_0_0.txt","rotation_000.txt","u_blind_on.txt","u_construction_sfiso.txt","abs_20.txt","glass_fs39.txt","afn_openingfactor100.txt","u_shade_150_geom_0_0_0.txt","u_fenes_17_geom_0_0_0.txt","g",10,"SC","unique",0.077808219178082,0.150730593607306,0.771461187214612,33.8467584624967,12.7381641878874,5687283780.76555,856449344.631878
"12","10_TO",0,0.19958904109589,0.80041095890411,31.6647078523974,21.4196218038377,6541141246.85506,0,"u_g_geom_0_0_0.txt","rotation_000.txt","u_blind_on.txt","u_construction_sfiso.txt","abs_20.txt","glass_fs39.txt","afn_openingfactor100.txt","u_shade_150_geom_0_0_0.txt","u_fenes_17_geom_0_0_0.txt","g",10,"TO","unique",0,0.470296803652968,0.529703196347032,37.1294060171596,22.9477182217018,23576266928.519,0
"13","11_PR",0.305776255707763,0.000570776255707763,0.69365296803653,26.3102650982173,13.3121463888199,11957724.5201296,1855519817.39701,"u_g_geom_0_0_0.txt","rotation_000.txt","u_blind_on.txt","u_construction_sfiso.txt","abs_20.txt","glass_fs39.txt","afn_openingfactor100.txt","u_shade_150_geom_0_0_0.txt","u_wwr_50_geom_0_0_0.txt","g",11,"PR","unique",0.259406392694064,0.041552511415525,0.699041095890411,31.4037336937177,12.8865280441075,1599647057.86488,3135382035.61185
"14","11_RJ",0.000547945205479451,0.137237442922374,0.862214611872146,32.0997758828924,17.8919068260762,4340171220.25555,19985.1375137638,"u_g_geom_0_0_0.txt","rotation_000.txt","u_blind_on.txt","u_construction_sfiso.txt","abs_20.txt","glass_fs39.txt","afn_openingfactor100.txt","u_shade_150_geom_0_0_0.txt","u_wwr_50_geom_0_0_0.txt","g",11,"RJ","unique",0,0.422648401826484,0.577351598173516,37.3091114728026,18.3237584482918,16140845724.051,0
"15","11_SC",0.0660958904109589,0.0239497716894977,0.909954337899543,29.439417447674,14.460568968316,677138940.495605,332646027.136181,"u_g_geom_0_0_0.txt","rotation_000.txt","u_blind_on.txt","u_construction_sfiso.txt","abs_20.txt","glass_fs39.txt","afn_openingfactor100.txt","u_shade_150_geom_0_0_0.txt","u_wwr_50_geom_0_0_0.txt","g",11,"SC","unique",0.077808219178082,0.150730593607306,0.771461187214612,33.8467584624967,12.7381641878874,5687283780.76555,856449344.631878
"16","11_TO",0,0.184748858447489,0.815251141552511,32.7809314279216,20.3525275088129,7006386629.75645,0,"u_g_geom_0_0_0.txt","rotation_000.txt","u_blind_on.txt","u_construction_sfiso.txt","abs_20.txt","glass_fs39.txt","afn_openingfactor100.txt","u_shade_150_geom_0_0_0.txt","u_wwr_50_geom_0_0_0.txt","g",11,"TO","unique",0,0.470296803652968,0.529703196347032,37.1294060171596,22.9477182217018,23576266928.519,0
"17","12_PR",0.22431506849315,0.000799086757990867,0.774885844748859,26.3528132206384,14.483800256331,16809186.8047212,1019076942.82493,"u_g_geom_0_0_0.txt","rotation_000.txt","u_blind_on.txt","u_construction_sfiso.txt","abs_20.txt","glass_fs87.txt","afn_openingfactor100.txt","u_shade_000_geom_0_0_0.txt","u_fenes_17_geom_0_0_0.txt","g",12,"PR","unique",0.259406392694064,0.041552511415525,0.699041095890411,31.4037336937177,12.8865280441075,1599647057.86488,3135382035.61185
"18","12_RJ",0,0.194657534246575,0.805342465753424,31.8333513031745,18.2782843502048,5456242755.12552,0,"u_g_geom_0_0_0.txt","rotation_000.txt","u_blind_on.txt","u_construction_sfiso.txt","abs_20.txt","glass_fs87.txt","afn_openingfactor100.txt","u_shade_000_geom_0_0_0.txt","u_fenes_17_geom_0_0_0.txt","g",12,"RJ","unique",0,0.422648401826484,0.577351598173516,37.3091114728026,18.3237584482918,16140845724.051,0
"19","12_SC",0.0408675799086758,0.039132420091324,0.92,29.4215234531453,15.419471443897,1077730970.21316,151120515.066162,"u_g_geom_0_0_0.txt","rotation_000.txt","u_blind_on.txt","u_construction_sfiso.txt","abs_20.txt","glass_fs87.txt","afn_openingfactor100.txt","u_shade_000_geom_0_0_0.txt","u_fenes_17_geom_0_0_0.txt","g",12,"SC","unique",0.077808219178082,0.150730593607306,0.771461187214612,33.8467584624967,12.7381641878874,5687283780.76555,856449344.631878
"20","12_TO",0,0.212283105022831,0.787716894977169,32.3600033734277,21.3957753644637,7439594230.99075,0,"u_g_geom_0_0_0.txt","rotation_000.txt","u_blind_on.txt","u_construction_sfiso.txt","abs_20.txt","glass_fs87.txt","afn_openingfactor100.txt","u_shade_000_geom_0_0_0.txt","u_fenes_17_geom_0_0_0.txt","g",12,"TO","unique",0,0.470296803652968,0.529703196347032,37.1294060171596,22.9477182217018,23576266928.519,0
"21","13_PR",0.24568493150685,0.0251141552511416,0.729200913242009,28.5332434861433,13.7935985619776,820092748.408321,1289707812.18117,"u_g_geom_0_0_0.txt","rotation_000.txt","u_blind_on.txt","u_construction_sfiso.txt","abs_20.txt","glass_fs87.txt","afn_openingfactor100.txt","u_shade_000_geom_0_0_0.txt","u_wwr_50_geom_0_0_0.txt","g",13,"PR","unique",0.259406392694064,0.041552511415525,0.699041095890411,31.4037336937177,12.8865280441075,1599647057.86488,3135382035.61185
"22","13_RJ",0.000273972602739726,0.176689497716895,0.823036529680365,33.8828246145027,17.9300906637787,6097077060.19825,0,"u_g_geom_0_0_0.txt","rotation_000.txt","u_blind_on.txt","u_construction_sfiso.txt","abs_20.txt","glass_fs87.txt","afn_openingfactor100.txt","u_shade_000_geom_0_0_0.txt","u_wwr_50_geom_0_0_0.txt","g",13,"RJ","unique",0,0.422648401826484,0.577351598173516,37.3091114728026,18.3237584482918,16140845724.051,0
"23","13_SC",0.0515525114155251,0.0567579908675799,0.891689497716895,30.3512904632426,14.5133201401934,2037093584.96159,234332403.721538,"u_g_geom_0_0_0.txt","rotation_000.txt","u_blind_on.txt","u_construction_sfiso.txt","abs_20.txt","glass_fs87.txt","afn_openingfactor100.txt","u_shade_000_geom_0_0_0.txt","u_wwr_50_geom_0_0_0.txt","g",13,"SC","unique",0.077808219178082,0.150730593607306,0.771461187214612,33.8467584624967,12.7381641878874,5687283780.76555,856449344.631878
"24","13_TO",0,0.197602739726027,0.802397260273973,34.2091132355586,20.3188956972429,8334889901.89421,0,"u_g_geom_0_0_0.txt","rotation_000.txt","u_blind_on.txt","u_construction_sfiso.txt","abs_20.txt","glass_fs87.txt","afn_openingfactor100.txt","u_shade_000_geom_0_0_0.txt","u_wwr_50_geom_0_0_0.txt","g",13,"TO","unique",0,0.470296803652968,0.529703196347032,37.1294060171596,22.9477182217018,23576266928.519,0
"25","14_PR",0.22837899543379,0.000114155251141553,0.771506849315069,26.0041703494298,14.4562889225944,2322897.19797046,1054739760.20969,"u_g_geom_0_0_0.txt","rotation_000.txt","u_blind_on.txt","u_construction_sfiso.txt","abs_20.txt","glass_fs87.txt","afn_openingfactor100.txt","u_shade_050_geom_0_0_0.txt","u_fenes_17_geom_0_0_0.txt","g",14,"PR","unique",0.259406392694064,0.041552511415525,0.699041095890411,31.4037336937177,12.8865280441075,1599647057.86488,3135382035.61185
"26","14_RJ",0,0.183926940639269,0.81607305936073,31.535309813975,18.2785364756009,5079889408.36043,0,"u_g_geom_0_0_0.txt","rotation_000.txt","u_blind_on.txt","u_construction_sfiso.txt","abs_20.txt","glass_fs87.txt","afn_openingfactor100.txt","u_shade_050_geom_0_0_0.txt","u_fenes_17_geom_0_0_0.txt","g",14,"RJ","unique",0,0.422648401826484,0.577351598173516,37.3091114728026,18.3237584482918,16140845724.051,0
"27","14_SC",0.0412100456621005,0.0331506849315069,0.925639269406393,29.0215965914019,15.4628430076841,860791993.435582,150140358.041212,"u_g_geom_0_0_0.txt","rotation_000.txt","u_blind_on.txt","u_construction_sfiso.txt","abs_20.txt","glass_fs87.txt","afn_openingfactor100.txt","u_shade_050_geom_0_0_0.txt","u_fenes_17_geom_0_0_0.txt","g",14,"SC","unique",0.077808219178082,0.150730593607306,0.771461187214612,33.8467584624967,12.7381641878874,5687283780.76555,856449344.631878
"28","14_TO",0,0.208287671232877,0.791712328767124,32.0703962464951,21.4115797004455,7109608032.13217,0,"u_g_geom_0_0_0.txt","rotation_000.txt","u_blind_on.txt","u_construction_sfiso.txt","abs_20.txt","glass_fs87.txt","afn_openingfactor100.txt","u_shade_050_geom_0_0_0.txt","u_fenes_17_geom_0_0_0.txt","g",14,"TO","unique",0,0.470296803652968,0.529703196347032,37.1294060171596,22.9477182217018,23576266928.519,0
"29","15_PR",0.259132420091324,0.0151826484018265,0.725684931506849,27.5740137543813,13.6766983636309,407033440.353138,1405535255.49768,"u_g_geom_0_0_0.txt","rotation_000.txt","u_blind_on.txt","u_construction_sfiso.txt","abs_20.txt","glass_fs87.txt","afn_openingfactor100.txt","u_shade_050_geom_0_0_0.txt","u_wwr_50_geom_0_0_0.txt","g",15,"PR","unique",0.259406392694064,0.041552511415525,0.699041095890411,31.4037336937177,12.8865280441075,1599647057.86488,3135382035.61185
"30","15_RJ",0.000456621004566209,0.164589041095891,0.834954337899543,33.0892646721143,17.9161717854498,5474688335.53743,0,"u_g_geom_0_0_0.txt","rotation_000.txt","u_blind_on.txt","u_construction_sfiso.txt","abs_20.txt","glass_fs87.txt","afn_openingfactor100.txt","u_shade_050_geom_0_0_0.txt","u_wwr_50_geom_0_0_0.txt","g",15,"RJ","unique",0,0.422648401826484,0.577351598173516,37.3091114728026,18.3237584482918,16140845724.051,0
"31","15_SC",0.0546118721461187,0.045799086757991,0.89958904109589,29.9437267213602,14.5414927873773,1474997443.7774,248073769.357956,"u_g_geom_0_0_0.txt","rotation_000.txt","u_blind_on.txt","u_construction_sfiso.txt","abs_20.txt","glass_fs87.txt","afn_openingfactor100.txt","u_shade_050_geom_0_0_0.txt","u_wwr_50_geom_0_0_0.txt","g",15,"SC","unique",0.077808219178082,0.150730593607306,0.771461187214612,33.8467584624967,12.7381641878874,5687283780.76555,856449344.631878
"32","15_TO",0,0.192648401826484,0.807351598173516,33.5607341457156,20.3405799801888,7778484235.20679,0,"u_g_geom_0_0_0.txt","rotation_000.txt","u_blind_on.txt","u_construction_sfiso.txt","abs_20.txt","glass_fs87.txt","afn_openingfactor100.txt","u_shade_050_geom_0_0_0.txt","u_wwr_50_geom_0_0_0.txt","g",15,"TO","unique",0,0.470296803652968,0.529703196347032,37.1294060171596,22.9477182217018,23576266928.519,0
"33","16_PR",0.243493150684932,0,0.756506849315068,25.5275947193946,14.3983034984406,0,1172295122.17881,"u_g_geom_0_0_0.txt","rotation_000.txt","u_blind_on.txt","u_construction_sfiso.txt","abs_20.txt","glass_fs87.txt","afn_openingfactor100.txt","u_shade_150_geom_0_0_0.txt","u_fenes_17_geom_0_0_0.txt","g",16,"PR","unique",0.259406392694064,0.041552511415525,0.699041095890411,31.4037336937177,12.8865280441075,1599647057.86488,3135382035.61185
"34","16_RJ",0,0.169246575342466,0.830753424657534,31.1852238990697,18.32382996928,4596251494.73941,0,"u_g_geom_0_0_0.txt","rotation_000.txt","u_blind_on.txt","u_construction_sfiso.txt","abs_20.txt","glass_fs87.txt","afn_openingfactor100.txt","u_shade_150_geom_0_0_0.txt","u_fenes_17_geom_0_0_0.txt","g",16,"RJ","unique",0,0.422648401826484,0.577351598173516,37.3091114728026,18.3237584482918,16140845724.051,0
"35","16_SC",0.0415525114155251,0.0226255707762557,0.935821917808219,28.6811564325627,15.514044725428,555402304.307284,154707375.550139,"u_g_geom_0_0_0.txt","rotation_000.txt","u_blind_on.txt","u_construction_sfiso.txt","abs_20.txt","glass_fs87.txt","afn_openingfactor100.txt","u_shade_150_geom_0_0_0.txt","u_fenes_17_geom_0_0_0.txt","g",16,"SC","unique",0.077808219178082,0.150730593607306,0.771461187214612,33.8467584624967,12.7381641878874,5687283780.76555,856449344.631878
"36","16_TO",0,0.203949771689498,0.796050228310502,31.7678474531539,21.4419991270934,6737508572.8438,0,"u_g_geom_0_0_0.txt","rotation_000.txt","u_blind_on.txt","u_construction_sfiso.txt","abs_20.txt","glass_fs87.txt","afn_openingfactor100.txt","u_shade_150_geom_0_0_0.txt","u_fenes_17_geom_0_0_0.txt","g",16,"TO","unique",0,0.470296803652968,0.529703196347032,37.1294060171596,22.9477182217018,23576266928.519,0
"37","17_PR",0.276575342465754,0.00376712328767123,0.719657534246575,26.6785498161071,13.5460448487828,86741438.2004447,1593998881.83126,"u_g_geom_0_0_0.txt","rotation_000.txt","u_blind_on.txt","u_construction_sfiso.txt","abs_20.txt","glass_fs87.txt","afn_openingfactor100.txt","u_shade_150_geom_0_0_0.txt","u_wwr_50_geom_0_0_0.txt","g",17,"PR","unique",0.259406392694064,0.041552511415525,0.699041095890411,31.4037336937177,12.8865280441075,1599647057.86488,3135382035.61185
"38","17_RJ",0.000365296803652968,0.146187214611872,0.853447488584475,32.2959890852369,17.8558042304792,4662629189.13409,9733.87808972314,"u_g_geom_0_0_0.txt","rotation_000.txt","u_blind_on.txt","u_construction_sfiso.txt","abs_20.txt","glass_fs87.txt","afn_openingfactor100.txt","u_shade_150_geom_0_0_0.txt","u_wwr_50_geom_0_0_0.txt","g",17,"RJ","unique",0,0.422648401826484,0.577351598173516,37.3091114728026,18.3237584482918,16140845724.051,0
"39","17_SC",0.0565068493150685,0.0306849315068493,0.912808219178082,29.5864321984218,14.5728983677337,881603274.653262,269601999.402708,"u_g_geom_0_0_0.txt","rotation_000.txt","u_blind_on.txt","u_construction_sfiso.txt","abs_20.txt","glass_fs87.txt","afn_openingfactor100.txt","u_shade_150_geom_0_0_0.txt","u_wwr_50_geom_0_0_0.txt","g",17,"SC","unique",0.077808219178082,0.150730593607306,0.771461187214612,33.8467584624967,12.7381641878874,5687283780.76555,856449344.631878
"40","17_TO",0,0.188835616438356,0.811164383561644,32.9583066792296,20.3599342530341,7256459521.22399,0,"u_g_geom_0_0_0.txt","rotation_000.txt","u_blind_on.txt","u_construction_sfiso.txt","abs_20.txt","glass_fs87.txt","afn_openingfactor100.txt","u_shade_150_geom_0_0_0.txt","u_wwr_50_geom_0_0_0.txt","g",17,"TO","unique",0,0.470296803652968,0.529703196347032,37.1294060171596,22.9477182217018,23576266928.519,0
"41","18_PR",0.24958904109589,0,0.75041095890411,25.6981070972933,14.4011224264567,0,1166370511.41606,"u_g_geom_0_0_0.txt","rotation_000.txt","u_blind_on.txt","u_construction_sfiso.txt","abs_20.txt","glass_double-fs39-87.txt","afn_openingfactor100.txt","u_shade_000_geom_0_0_0.txt","u_fenes_17_geom_0_0_0.txt","g",18,"PR","unique",0.259406392694064,0.041552511415525,0.699041095890411,31.4037336937177,12.8865280441075,1599647057.86488,3135382035.61185
"42","18_RJ",0,0.171849315068493,0.828150684931507,31.3554659696025,18.3146302607797,4755148613.10801,0,"u_g_geom_0_0_0.txt","rotation_000.txt","u_blind_on.txt","u_construction_sfiso.txt","abs_20.txt","glass_double-fs39-87.txt","afn_openingfactor100.txt","u_shade_000_geom_0_0_0.txt","u_fenes_17_geom_0_0_0.txt","g",18,"RJ","unique",0,0.422648401826484,0.577351598173516,37.3091114728026,18.3237584482918,16140845724.051,0
"43","18_SC",0.0455936073059361,0.0252054794520548,0.929200913242009,29.0180463105402,15.4758985962733,658842596.332442,166820293.015992,"u_g_geom_0_0_0.txt","rotation_000.txt","u_blind_on.txt","u_construction_sfiso.txt","abs_20.txt","glass_double-fs39-87.txt","afn_openingfactor100.txt","u_shade_000_geom_0_0_0.txt","u_fenes_17_geom_0_0_0.txt","g",18,"SC","unique",0.077808219178082,0.150730593607306,0.771461187214612,33.8467584624967,12.7381641878874,5687283780.76555,856449344.631878
"44","18_TO",0,0.201849315068493,0.798150684931507,31.9269445813375,21.3898355299269,6814687511.27004,0,"u_g_geom_0_0_0.txt","rotation_000.txt","u_blind_on.txt","u_construction_sfiso.txt","abs_20.txt","glass_double-fs39-87.txt","afn_openingfactor100.txt","u_shade_000_geom_0_0_0.txt","u_fenes_17_geom_0_0_0.txt","g",18,"TO","unique",0,0.470296803652968,0.529703196347032,37.1294060171596,22.9477182217018,23576266928.519,0
"45","19_PR",0.275342465753425,0.00878995433789953,0.715867579908676,27.0080221352772,13.749681814419,218093084.611561,1434536085.20016,"u_g_geom_0_0_0.txt","rotation_000.txt","u_blind_on.txt","u_construction_sfiso.txt","abs_20.txt","glass_double-fs39-87.txt","afn_openingfactor100.txt","u_shade_000_geom_0_0_0.txt","u_wwr_50_geom_0_0_0.txt","g",19,"PR","unique",0.259406392694064,0.041552511415525,0.699041095890411,31.4037336937177,12.8865280441075,1599647057.86488,3135382035.61185
"46","19_RJ",0.000273972602739726,0.153584474885845,0.846141552511416,32.7499787369047,17.9034505160718,4987923656.0161,0,"u_g_geom_0_0_0.txt","rotation_000.txt","u_blind_on.txt","u_construction_sfiso.txt","abs_20.txt","glass_double-fs39-87.txt","afn_openingfactor100.txt","u_shade_000_geom_0_0_0.txt","u_wwr_50_geom_0_0_0.txt","g",19,"RJ","unique",0,0.422648401826484,0.577351598173516,37.3091114728026,18.3237584482918,16140845724.051,0
"47","19_SC",0.059269406392694,0.0360502283105023,0.904680365296804,29.8817270976094,14.7169961674837,1161811077.09362,256896707.011888,"u_g_geom_0_0_0.txt","rotation_000.txt","u_blind_on.txt","u_construction_sfiso.txt","abs_20.txt","glass_double-fs39-87.txt","afn_openingfactor100.txt","u_shade_000_geom_0_0_0.txt","u_wwr_50_geom_0_0_0.txt","g",19,"SC","unique",0.077808219178082,0.150730593607306,0.771461187214612,33.8467584624967,12.7381641878874,5687283780.76555,856449344.631878
"48","19_TO",0,0.186415525114155,0.813584474885845,33.2879605539969,20.3480035593516,7325134608.32371,0,"u_g_geom_0_0_0.txt","rotation_000.txt","u_blind_on.txt","u_construction_sfiso.txt","abs_20.txt","glass_double-fs39-87.txt","afn_openingfactor100.txt","u_shade_000_geom_0_0_0.txt","u_wwr_50_geom_0_0_0.txt","g",19,"TO","unique",0,0.470296803652968,0.529703196347032,37.1294060171596,22.9477182217018,23576266928.519,0
"49","2_PR",0.221369863013699,0,0.778630136986301,25.7771680672057,14.6422645043211,0,966673014.815877,"u_g_geom_0_0_0.txt","rotation_000.txt","u_blind_on.txt","u_construction_sfiso.txt","abs_20.txt","glass_double-fs87.txt","afn_openingfactor100.txt","u_shade_050_geom_0_0_0.txt","u_fenes_17_geom_0_0_0.txt","g",2,"PR","unique",0.259406392694064,0.041552511415525,0.699041095890411,31.4037336937177,12.8865280441075,1599647057.86488,3135382035.61185
"50","2_RJ",0,0.179954337899543,0.820045662100457,31.3304596848987,18.3031978201296,4905748948.78409,0,"u_g_geom_0_0_0.txt","rotation_000.txt","u_blind_on.txt","u_construction_sfiso.txt","abs_20.txt","glass_double-fs87.txt","afn_openingfactor100.txt","u_shade_050_geom_0_0_0.txt","u_fenes_17_geom_0_0_0.txt","g",2,"RJ","unique",0,0.422648401826484,0.577351598173516,37.3091114728026,18.3237584482918,16140845724.051,0
"51","2_SC",0.0382876712328767,0.028972602739726,0.932739726027397,28.8368925478468,15.6504599373231,740368600.750218,130643825.751905,"u_g_geom_0_0_0.txt","rotation_000.txt","u_blind_on.txt","u_construction_sfiso.txt","abs_20.txt","glass_double-fs87.txt","afn_openingfactor100.txt","u_shade_050_geom_0_0_0.txt","u_fenes_17_geom_0_0_0.txt","g",2,"SC","unique",0.077808219178082,0.150730593607306,0.771461187214612,33.8467584624967,12.7381641878874,5687283780.76555,856449344.631878
"52","2_TO",0,0.205319634703196,0.794680365296804,31.8407345236282,21.4478687790084,6873159712.92466,0,"u_g_geom_0_0_0.txt","rotation_000.txt","u_blind_on.txt","u_construction_sfiso.txt","abs_20.txt","glass_double-fs87.txt","afn_openingfactor100.txt","u_shade_050_geom_0_0_0.txt","u_fenes_17_geom_0_0_0.txt","g",2,"TO","unique",0,0.470296803652968,0.529703196347032,37.1294060171596,22.9477182217018,23576266928.519,0
"53","20_PR",0.251027397260274,0,0.748972602739726,25.4537088806171,14.4214502106501,0,1176840971.2737,"u_g_geom_0_0_0.txt","rotation_000.txt","u_blind_on.txt","u_construction_sfiso.txt","abs_20.txt","glass_double-fs39-87.txt","afn_openingfactor100.txt","u_shade_050_geom_0_0_0.txt","u_fenes_17_geom_0_0_0.txt","g",20,"PR","unique",0.259406392694064,0.041552511415525,0.699041095890411,31.4037336937177,12.8865280441075,1599647057.86488,3135382035.61185
"54","20_RJ",0,0.167442922374429,0.832557077625571,31.1677962507274,18.3754473919563,4564341975.51103,0,"u_g_geom_0_0_0.txt","rotation_000.txt","u_blind_on.txt","u_construction_sfiso.txt","abs_20.txt","glass_double-fs39-87.txt","afn_openingfactor100.txt","u_shade_050_geom_0_0_0.txt","u_fenes_17_geom_0_0_0.txt","g",20,"RJ","unique",0,0.422648401826484,0.577351598173516,37.3091114728026,18.3237584482918,16140845724.051,0
"55","20_SC",0.0444977168949772,0.021689497716895,0.933812785388128,28.6567446012515,15.5417782260797,543313457.187765,161328191.718391,"u_g_geom_0_0_0.txt","rotation_000.txt","u_blind_on.txt","u_construction_sfiso.txt","abs_20.txt","glass_double-fs39-87.txt","afn_openingfactor100.txt","u_shade_050_geom_0_0_0.txt","u_fenes_17_geom_0_0_0.txt","g",20,"SC","unique",0.077808219178082,0.150730593607306,0.771461187214612,33.8467584624967,12.7381641878874,5687283780.76555,856449344.631878
"56","20_TO",0,0.200456621004566,0.799543378995434,31.693498001677,21.4152740724752,6614736314.21644,0,"u_g_geom_0_0_0.txt","rotation_000.txt","u_blind_on.txt","u_construction_sfiso.txt","abs_20.txt","glass_double-fs39-87.txt","afn_openingfactor100.txt","u_shade_050_geom_0_0_0.txt","u_fenes_17_geom_0_0_0.txt","g",20,"TO","unique",0,0.470296803652968,0.529703196347032,37.1294060171596,22.9477182217018,23576266928.519,0
"57","21_PR",0.278082191780822,0.00171232876712329,0.720205479452055,26.5281949620257,13.7405883996206,37139835.604107,1477872307.12607,"u_g_geom_0_0_0.txt","rotation_000.txt","u_blind_on.txt","u_construction_sfiso.txt","abs_20.txt","glass_double-fs39-87.txt","afn_openingfactor100.txt","u_shade_050_geom_0_0_0.txt","u_wwr_50_geom_0_0_0.txt","g",21,"PR","unique",0.259406392694064,0.041552511415525,0.699041095890411,31.4037336937177,12.8865280441075,1599647057.86488,3135382035.61185
"58","21_RJ",0.000273972602739726,0.144497716894977,0.855228310502283,32.2761668788464,17.8874224222668,4590719210.79257,0,"u_g_geom_0_0_0.txt","rotation_000.txt","u_blind_on.txt","u_construction_sfiso.txt","abs_20.txt","glass_double-fs39-87.txt","afn_openingfactor100.txt","u_shade_050_geom_0_0_0.txt","u_wwr_50_geom_0_0_0.txt","g",21,"RJ","unique",0,0.422648401826484,0.577351598173516,37.3091114728026,18.3237584482918,16140845724.051,0
"59","21_SC",0.0588356164383561,0.0290410958904109,0.912123287671233,29.5237574937138,14.7868900090323,854381150.99864,255026110.944402,"u_g_geom_0_0_0.txt","rotation_000.txt","u_blind_on.txt","u_construction_sfiso.txt","abs_20.txt","glass_double-fs39-87.txt","afn_openingfactor100.txt","u_shade_050_geom_0_0_0.txt","u_wwr_50_geom_0_0_0.txt","g",21,"SC","unique",0.077808219178082,0.150730593607306,0.771461187214612,33.8467584624967,12.7381641878874,5687283780.76555,856449344.631878
"60","21_TO",0,0.184383561643836,0.815616438356164,32.8242461008478,20.3589925927133,6999456717.4947,0,"u_g_geom_0_0_0.txt","rotation_000.txt","u_blind_on.txt","u_construction_sfiso.txt","abs_20.txt","glass_double-fs39-87.txt","afn_openingfactor100.txt","u_shade_050_geom_0_0_0.txt","u_wwr_50_geom_0_0_0.txt","g",21,"TO","unique",0,0.470296803652968,0.529703196347032,37.1294060171596,22.9477182217018,23576266928.519,0
"61","22_PR",0.257397260273973,0,0.742602739726027,25.1446296202574,14.4445890953812,0,1238909231.53281,"u_g_geom_0_0_0.txt","rotation_000.txt","u_blind_on.txt","u_construction_sfiso.txt","abs_20.txt","glass_double-fs39-87.txt","afn_openingfactor100.txt","u_shade_150_geom_0_0_0.txt","u_fenes_17_geom_0_0_0.txt","g",22,"PR","unique",0.259406392694064,0.041552511415525,0.699041095890411,31.4037336937177,12.8865280441075,1599647057.86488,3135382035.61185
"62","22_RJ",0,0.159977168949772,0.840022831050228,30.9183173616064,18.3109219094506,4300383801.30871,0,"u_g_geom_0_0_0.txt","rotation_000.txt","u_blind_on.txt","u_construction_sfiso.txt","abs_20.txt","glass_double-fs39-87.txt","afn_openingfactor100.txt","u_shade_150_geom_0_0_0.txt","u_fenes_17_geom_0_0_0.txt","g",22,"RJ","unique",0,0.422648401826484,0.577351598173516,37.3091114728026,18.3237584482918,16140845724.051,0
"63","22_SC",0.0425114155251142,0.0165753424657534,0.940913242009132,28.3980174742747,15.6308482509281,401852627.201161,154194348.371378,"u_g_geom_0_0_0.txt","rotation_000.txt","u_blind_on.txt","u_construction_sfiso.txt","abs_20.txt","glass_double-fs39-87.txt","afn_openingfactor100.txt","u_shade_150_geom_0_0_0.txt","u_fenes_17_geom_0_0_0.txt","g",22,"SC","unique",0.077808219178082,0.150730593607306,0.771461187214612,33.8467584624967,12.7381641878874,5687283780.76555,856449344.631878
"64","22_TO",0,0.196917808219178,0.803082191780822,31.5101419609783,21.454053744289,6338804136.80131,0,"u_g_geom_0_0_0.txt","rotation_000.txt","u_blind_on.txt","u_construction_sfiso.txt","abs_20.txt","glass_double-fs39-87.txt","afn_openingfactor100.txt","u_shade_150_geom_0_0_0.txt","u_fenes_17_geom_0_0_0.txt","g",22,"TO","unique",0,0.470296803652968,0.529703196347032,37.1294060171596,22.9477182217018,23576266928.519,0
"65","23_PR",0.288310502283105,0,0.711689497716895,25.9705028304253,13.7467820743121,0,1569688891.56078,"u_g_geom_0_0_0.txt","rotation_000.txt","u_blind_on.txt","u_construction_sfiso.txt","abs_20.txt","glass_double-fs39-87.txt","afn_openingfactor100.txt","u_shade_150_geom_0_0_0.txt","u_wwr_50_geom_0_0_0.txt","g",23,"PR","unique",0.259406392694064,0.041552511415525,0.699041095890411,31.4037336937177,12.8865280441075,1599647057.86488,3135382035.61185
"66","23_RJ",9.1324200913242e-05,0.132465753424657,0.867442922374429,31.6899805866823,17.9885331331554,4102013792.91518,0,"u_g_geom_0_0_0.txt","rotation_000.txt","u_blind_on.txt","u_construction_sfiso.txt","abs_20.txt","glass_double-fs39-87.txt","afn_openingfactor100.txt","u_shade_150_geom_0_0_0.txt","u_wwr_50_geom_0_0_0.txt","g",23,"RJ","unique",0,0.422648401826484,0.577351598173516,37.3091114728026,18.3237584482918,16140845724.051,0
"67","23_SC",0.0566666666666667,0.0211187214611872,0.922214611872146,29.1765986660745,14.879206234028,575034986.610679,252367754.12769,"u_g_geom_0_0_0.txt","rotation_000.txt","u_blind_on.txt","u_construction_sfiso.txt","abs_20.txt","glass_double-fs39-87.txt","afn_openingfactor100.txt","u_shade_150_geom_0_0_0.txt","u_wwr_50_geom_0_0_0.txt","g",23,"SC","unique",0.077808219178082,0.150730593607306,0.771461187214612,33.8467584624967,12.7381641878874,5687283780.76555,856449344.631878
"68","23_TO",0,0.182328767123288,0.817671232876712,32.378306642309,20.3649482964397,6649927746.68768,0,"u_g_geom_0_0_0.txt","rotation_000.txt","u_blind_on.txt","u_construction_sfiso.txt","abs_20.txt","glass_double-fs39-87.txt","afn_openingfactor100.txt","u_shade_150_geom_0_0_0.txt","u_wwr_50_geom_0_0_0.txt","g",23,"TO","unique",0,0.470296803652968,0.529703196347032,37.1294060171596,22.9477182217018,23576266928.519,0
"69","24_PR",0.169520547945205,0.0221461187214612,0.808333333333333,28.3143710456107,15.0877231631525,605639355.437441,598937382.323708,"u_g_geom_0_0_0.txt","rotation_000.txt","u_blind_on.txt","u_construction_sfiso.txt","abs_60.txt","glass_double-fs87.txt","afn_openingfactor100.txt","u_shade_000_geom_0_0_0.txt","u_fenes_17_geom_0_0_0.txt","g",24,"PR","unique",0.259406392694064,0.041552511415525,0.699041095890411,31.4037336937177,12.8865280441075,1599647057.86488,3135382035.61185
"70","24_RJ",0,0.266301369863013,0.733698630136987,34.0771254666856,18.3459739236121,7863976610.42405,0,"u_g_geom_0_0_0.txt","rotation_000.txt","u_blind_on.txt","u_construction_sfiso.txt","abs_60.txt","glass_double-fs87.txt","afn_openingfactor100.txt","u_shade_000_geom_0_0_0.txt","u_fenes_17_geom_0_0_0.txt","g",24,"RJ","unique",0,0.422648401826484,0.577351598173516,37.3091114728026,18.3237584482918,16140845724.051,0
"71","24_SC",0.027648401826484,0.0656164383561642,0.906735159817352,30.8307264302026,15.851379757427,2073541204.18508,77940770.592269,"u_g_geom_0_0_0.txt","rotation_000.txt","u_blind_on.txt","u_construction_sfiso.txt","abs_60.txt","glass_double-fs87.txt","afn_openingfactor100.txt","u_shade_000_geom_0_0_0.txt","u_fenes_17_geom_0_0_0.txt","g",24,"SC","unique",0.077808219178082,0.150730593607306,0.771461187214612,33.8467584624967,12.7381641878874,5687283780.76555,856449344.631878
"72","24_TO",0,0.255525114155251,0.744474885844749,34.4398874693909,21.7302091157154,10006741918.1934,0,"u_g_geom_0_0_0.txt","rotation_000.txt","u_blind_on.txt","u_construction_sfiso.txt","abs_60.txt","glass_double-fs87.txt","afn_openingfactor100.txt","u_shade_000_geom_0_0_0.txt","u_fenes_17_geom_0_0_0.txt","g",24,"TO","unique",0,0.470296803652968,0.529703196347032,37.1294060171596,22.9477182217018,23576266928.519,0
"73","25_PR",0.197945205479452,0.0329908675799087,0.769063926940639,29.7046309619835,14.5677779654867,1246707693.54043,790747555.664591,"u_g_geom_0_0_0.txt","rotation_000.txt","u_blind_on.txt","u_construction_sfiso.txt","abs_60.txt","glass_double-fs87.txt","afn_openingfactor100.txt","u_shade_000_geom_0_0_0.txt","u_wwr_50_geom_0_0_0.txt","g",25,"PR","unique",0.259406392694064,0.041552511415525,0.699041095890411,31.4037336937177,12.8865280441075,1599647057.86488,3135382035.61185
"74","25_RJ",0.000456621004566209,0.204360730593607,0.795182648401826,35.1553907635031,17.9484425697564,7486072355.81963,0,"u_g_geom_0_0_0.txt","rotation_000.txt","u_blind_on.txt","u_construction_sfiso.txt","abs_60.txt","glass_double-fs87.txt","afn_openingfactor100.txt","u_shade_000_geom_0_0_0.txt","u_wwr_50_geom_0_0_0.txt","g",25,"RJ","unique",0,0.422648401826484,0.577351598173516,37.3091114728026,18.3237584482918,16140845724.051,0
"75","25_SC",0.0382420091324201,0.0686529680365296,0.89310502283105,31.1198042294888,15.1404706009053,2699021582.84129,130788374.971217,"u_g_geom_0_0_0.txt","rotation_000.txt","u_blind_on.txt","u_construction_sfiso.txt","abs_60.txt","glass_double-fs87.txt","afn_openingfactor100.txt","u_shade_000_geom_0_0_0.txt","u_wwr_50_geom_0_0_0.txt","g",25,"SC","unique",0.077808219178082,0.150730593607306,0.771461187214612,33.8467584624967,12.7381641878874,5687283780.76555,856449344.631878
"76","25_TO",0,0.220091324200913,0.779908675799087,35.56203538553,20.4909761591623,9892949763.30998,0,"u_g_geom_0_0_0.txt","rotation_000.txt","u_blind_on.txt","u_construction_sfiso.txt","abs_60.txt","glass_double-fs87.txt","afn_openingfactor100.txt","u_shade_000_geom_0_0_0.txt","u_wwr_50_geom_0_0_0.txt","g",25,"TO","unique",0,0.470296803652968,0.529703196347032,37.1294060171596,22.9477182217018,23576266928.519,0
"77","26_PR",0.175182648401826,0.0158675799086758,0.808949771689498,27.7121810220575,15.0292349825911,390194620.44859,636621427.760942,"u_g_geom_0_0_0.txt","rotation_000.txt","u_blind_on.txt","u_construction_sfiso.txt","abs_60.txt","glass_double-fs87.txt","afn_openingfactor100.txt","u_shade_050_geom_0_0_0.txt","u_fenes_17_geom_0_0_0.txt","g",26,"PR","unique",0.259406392694064,0.041552511415525,0.699041095890411,31.4037336937177,12.8865280441075,1599647057.86488,3135382035.61185
"78","26_RJ",0,0.251917808219178,0.748082191780822,33.4745073990144,18.3323257772663,7296712893.38517,0,"u_g_geom_0_0_0.txt","rotation_000.txt","u_blind_on.txt","u_construction_sfiso.txt","abs_60.txt","glass_double-fs87.txt","afn_openingfactor100.txt","u_shade_050_geom_0_0_0.txt","u_fenes_17_geom_0_0_0.txt","g",26,"RJ","unique",0,0.422648401826484,0.577351598173516,37.3091114728026,18.3237584482918,16140845724.051,0
"79","26_SC",0.0276027397260274,0.0576255707762557,0.914771689497717,30.4145989727345,15.8743835262434,1740465022.59009,79483105.8282446,"u_g_geom_0_0_0.txt","rotation_000.txt","u_blind_on.txt","u_construction_sfiso.txt","abs_60.txt","glass_double-fs87.txt","afn_openingfactor100.txt","u_shade_050_geom_0_0_0.txt","u_fenes_17_geom_0_0_0.txt","g",26,"SC","unique",0.077808219178082,0.150730593607306,0.771461187214612,33.8467584624967,12.7381641878874,5687283780.76555,856449344.631878
"80","26_TO",0,0.247168949771689,0.75283105022831,33.8748332221161,21.7168789108478,9415387767.825,0,"u_g_geom_0_0_0.txt","rotation_000.txt","u_blind_on.txt","u_construction_sfiso.txt","abs_60.txt","glass_double-fs87.txt","afn_openingfactor100.txt","u_shade_050_geom_0_0_0.txt","u_fenes_17_geom_0_0_0.txt","g",26,"TO","unique",0,0.470296803652968,0.529703196347032,37.1294060171596,22.9477182217018,23576266928.519,0
"81","27_PR",0.207648401826484,0.0253424657534247,0.767009132420091,28.8348932010674,14.4333154545063,802301241.440575,879793941.133774,"u_g_geom_0_0_0.txt","rotation_000.txt","u_blind_on.txt","u_construction_sfiso.txt","abs_60.txt","glass_double-fs87.txt","afn_openingfactor100.txt","u_shade_050_geom_0_0_0.txt","u_wwr_50_geom_0_0_0.txt","g",27,"PR","unique",0.259406392694064,0.041552511415525,0.699041095890411,31.4037336937177,12.8865280441075,1599647057.86488,3135382035.61185
"82","27_RJ",9.1324200913242e-05,0.193310502283105,0.806598173515982,34.437125570523,17.9679953141684,6792498372.35143,0,"u_g_geom_0_0_0.txt","rotation_000.txt","u_blind_on.txt","u_construction_sfiso.txt","abs_60.txt","glass_double-fs87.txt","afn_openingfactor100.txt","u_shade_050_geom_0_0_0.txt","u_wwr_50_geom_0_0_0.txt","g",27,"RJ","unique",0,0.422648401826484,0.577351598173516,37.3091114728026,18.3237584482918,16140845724.051,0
"83","27_SC",0.0407534246575342,0.0584931506849316,0.900753424657534,30.6780899510864,15.1419086158711,2079192075.94038,143439415.381322,"u_g_geom_0_0_0.txt","rotation_000.txt","u_blind_on.txt","u_construction_sfiso.txt","abs_60.txt","glass_double-fs87.txt","afn_openingfactor100.txt","u_shade_050_geom_0_0_0.txt","u_wwr_50_geom_0_0_0.txt","g",27,"SC","unique",0.077808219178082,0.150730593607306,0.771461187214612,33.8467584624967,12.7381641878874,5687283780.76555,856449344.631878
"84","27_TO",0,0.215707762557078,0.784292237442922,34.8531725487687,20.4939144449875,9283614225.45964,0,"u_g_geom_0_0_0.txt","rotation_000.txt","u_blind_on.txt","u_construction_sfiso.txt","abs_60.txt","glass_double-fs87.txt","afn_openingfactor100.txt","u_shade_050_geom_0_0_0.txt","u_wwr_50_geom_0_0_0.txt","g",27,"TO","unique",0,0.470296803652968,0.529703196347032,37.1294060171596,22.9477182217018,23576266928.519,0
"85","28_PR",0.191095890410959,0.00707762557077627,0.801826484018265,27.0802624519462,14.939369520369,159698439.863993,740646853.233609,"u_g_geom_0_0_0.txt","rotation_000.txt","u_blind_on.txt","u_construction_sfiso.txt","abs_60.txt","glass_double-fs87.txt","afn_openingfactor100.txt","u_shade_150_geom_0_0_0.txt","u_fenes_17_geom_0_0_0.txt","g",28,"PR","unique",0.259406392694064,0.041552511415525,0.699041095890411,31.4037336937177,12.8865280441075,1599647057.86488,3135382035.61185
"86","28_RJ",0,0.229155251141552,0.770844748858448,32.8621505062137,18.3465087108911,6482969644.05401,0,"u_g_geom_0_0_0.txt","rotation_000.txt","u_blind_on.txt","u_construction_sfiso.txt","abs_60.txt","glass_double-fs87.txt","afn_openingfactor100.txt","u_shade_150_geom_0_0_0.txt","u_fenes_17_geom_0_0_0.txt","g",28,"RJ","unique",0,0.422648401826484,0.577351598173516,37.3091114728026,18.3237584482918,16140845724.051,0
"87","28_SC",0.0306164383561644,0.0450913242009133,0.924292237442922,30.0891881738783,15.8924795205951,1284420662.71323,92849310.0350621,"u_g_geom_0_0_0.txt","rotation_000.txt","u_blind_on.txt","u_construction_sfiso.txt","abs_60.txt","glass_double-fs87.txt","afn_openingfactor100.txt","u_shade_150_geom_0_0_0.txt","u_fenes_17_geom_0_0_0.txt","g",28,"SC","unique",0.077808219178082,0.150730593607306,0.771461187214612,33.8467584624967,12.7381641878874,5687283780.76555,856449344.631878
"88","28_TO",0,0.24,0.76,33.4030831231004,21.69822812597,8787601530.31762,0,"u_g_geom_0_0_0.txt","rotation_000.txt","u_blind_on.txt","u_construction_sfiso.txt","abs_60.txt","glass_double-fs87.txt","afn_openingfactor100.txt","u_shade_150_geom_0_0_0.txt","u_fenes_17_geom_0_0_0.txt","g",28,"TO","unique",0,0.470296803652968,0.529703196347032,37.1294060171596,22.9477182217018,23576266928.519,0
"89","29_PR",0.225593607305936,0.0154109589041096,0.758995433789954,27.9079142745049,14.2645267231562,403599851.935492,1036036681.5334,"u_g_geom_0_0_0.txt","rotation_000.txt","u_blind_on.txt","u_construction_sfiso.txt","abs_60.txt","glass_double-fs87.txt","afn_openingfactor100.txt","u_shade_150_geom_0_0_0.txt","u_wwr_50_geom_0_0_0.txt","g",29,"PR","unique",0.259406392694064,0.041552511415525,0.699041095890411,31.4037336937177,12.8865280441075,1599647057.86488,3135382035.61185
"90","29_RJ",0.000182648401826484,0.173401826484018,0.826415525114155,33.627133585756,17.9519916282896,5839703203.54465,0,"u_g_geom_0_0_0.txt","rotation_000.txt","u_blind_on.txt","u_construction_sfiso.txt","abs_60.txt","glass_double-fs87.txt","afn_openingfactor100.txt","u_shade_150_geom_0_0_0.txt","u_wwr_50_geom_0_0_0.txt","g",29,"RJ","unique",0,0.422648401826484,0.577351598173516,37.3091114728026,18.3237584482918,16140845724.051,0
"91","29_SC",0.0437442922374429,0.0441780821917807,0.912077625570776,30.3098306995001,15.1443061942518,1408991841.0354,158356510.116043,"u_g_geom_0_0_0.txt","rotation_000.txt","u_blind_on.txt","u_construction_sfiso.txt","abs_60.txt","glass_double-fs87.txt","afn_openingfactor100.txt","u_shade_150_geom_0_0_0.txt","u_wwr_50_geom_0_0_0.txt","g",29,"SC","unique",0.077808219178082,0.150730593607306,0.771461187214612,33.8467584624967,12.7381641878874,5687283780.76555,856449344.631878
"92","29_TO",0,0.208698630136986,0.791301369863014,34.2027106044159,20.4948121968456,8547393112.41356,0,"u_g_geom_0_0_0.txt","rotation_000.txt","u_blind_on.txt","u_construction_sfiso.txt","abs_60.txt","glass_double-fs87.txt","afn_openingfactor100.txt","u_shade_150_geom_0_0_0.txt","u_wwr_50_geom_0_0_0.txt","g",29,"TO","unique",0,0.470296803652968,0.529703196347032,37.1294060171596,22.9477182217018,23576266928.519,0
"93","3_PR",0.240639269406393,0.0118721461187215,0.747488584474886,27.1055330172684,14.130486245214,300635153.296467,1139685034.34903,"u_g_geom_0_0_0.txt","rotation_000.txt","u_blind_on.txt","u_construction_sfiso.txt","abs_20.txt","glass_double-fs87.txt","afn_openingfactor100.txt","u_shade_050_geom_0_0_0.txt","u_wwr_50_geom_0_0_0.txt","g",3,"PR","unique",0.259406392694064,0.041552511415525,0.699041095890411,31.4037336937177,12.8865280441075,1599647057.86488,3135382035.61185
"94","3_RJ",9.1324200913242e-05,0.161232876712329,0.838675799086758,32.5707480021583,17.9687599284573,5189670761.00668,0,"u_g_geom_0_0_0.txt","rotation_000.txt","u_blind_on.txt","u_construction_sfiso.txt","abs_20.txt","glass_double-fs87.txt","afn_openingfactor100.txt","u_shade_050_geom_0_0_0.txt","u_wwr_50_geom_0_0_0.txt","g",3,"RJ","unique",0,0.422648401826484,0.577351598173516,37.3091114728026,18.3237584482918,16140845724.051,0
"95","3_SC",0.0457990867579909,0.0416666666666667,0.912534246575343,29.7350294827035,14.9808215355409,1308748102.78027,178842049.212155,"u_g_geom_0_0_0.txt","rotation_000.txt","u_blind_on.txt","u_construction_sfiso.txt","abs_20.txt","glass_double-fs87.txt","afn_openingfactor100.txt","u_shade_050_geom_0_0_0.txt","u_wwr_50_geom_0_0_0.txt","g",3,"SC","unique",0.077808219178082,0.150730593607306,0.771461187214612,33.8467584624967,12.7381641878874,5687283780.76555,856449344.631878
"96","3_TO",0,0.190091324200913,0.809908675799087,33.0775099653994,20.3618902480006,7359953759.39931,0,"u_g_geom_0_0_0.txt","rotation_000.txt","u_blind_on.txt","u_construction_sfiso.txt","abs_20.txt","glass_double-fs87.txt","afn_openingfactor100.txt","u_shade_050_geom_0_0_0.txt","u_wwr_50_geom_0_0_0.txt","g",3,"TO","unique",0,0.470296803652968,0.529703196347032,37.1294060171596,22.9477182217018,23576266928.519,0
"97","30_PR",0.201986301369863,0.0175799086757991,0.780433789954338,28.0621816238125,14.6427132673335,457005629.871425,845496566.793777,"u_g_geom_0_0_0.txt","rotation_000.txt","u_blind_on.txt","u_construction_sfiso.txt","abs_60.txt","glass_fs39.txt","afn_openingfactor100.txt","u_shade_000_geom_0_0_0.txt","u_fenes_17_geom_0_0_0.txt","g",30,"PR","unique",0.259406392694064,0.041552511415525,0.699041095890411,31.4037336937177,12.8865280441075,1599647057.86488,3135382035.61185
"98","30_RJ",0,0.251986301369863,0.748013698630137,34.0710174983158,18.3544118774226,7492676165.76734,0,"u_g_geom_0_0_0.txt","rotation_000.txt","u_blind_on.txt","u_construction_sfiso.txt","abs_60.txt","glass_fs39.txt","afn_openingfactor100.txt","u_shade_000_geom_0_0_0.txt","u_fenes_17_geom_0_0_0.txt","g",30,"RJ","unique",0,0.422648401826484,0.577351598173516,37.3091114728026,18.3237584482918,16140845724.051,0
"99","30_SC",0.0376255707762557,0.0572146118721462,0.905159817351598,30.799504216398,15.5273181090114,1788224731.43664,131866194.959652,"u_g_geom_0_0_0.txt","rotation_000.txt","u_blind_on.txt","u_construction_sfiso.txt","abs_60.txt","glass_fs39.txt","afn_openingfactor100.txt","u_shade_000_geom_0_0_0.txt","u_fenes_17_geom_0_0_0.txt","g",30,"SC","unique",0.077808219178082,0.150730593607306,0.771461187214612,33.8467584624967,12.7381641878874,5687283780.76555,856449344.631878
"100","30_TO",0,0.247077625570776,0.752922374429224,34.4750249024368,21.6442257932176,9770237477.38103,0,"u_g_geom_0_0_0.txt","rotation_000.txt","u_blind_on.txt","u_construction_sfiso.txt","abs_60.txt","glass_fs39.txt","afn_openingfactor100.txt","u_shade_000_geom_0_0_0.txt","u_fenes_17_geom_0_0_0.txt","g",30,"TO","unique",0,0.470296803652968,0.529703196347032,37.1294060171596,22.9477182217018,23576266928.519,0
"101","31_PR",0.254748858447488,0.0262557077625571,0.718995433789954,29.360887384555,13.6231823510487,884016969.985301,1363893830.40547,"u_g_geom_0_0_0.txt","rotation_000.txt","u_blind_on.txt","u_construction_sfiso.txt","abs_60.txt","glass_fs39.txt","afn_openingfactor100.txt","u_shade_000_geom_0_0_0.txt","u_wwr_50_geom_0_0_0.txt","g",31,"PR","unique",0.259406392694064,0.041552511415525,0.699041095890411,31.4037336937177,12.8865280441075,1599647057.86488,3135382035.61185
"102","31_RJ",0.000547945205479452,0.189178082191781,0.81027397260274,35.2691180304517,17.9446418792581,6968380599.32663,0,"u_g_geom_0_0_0.txt","rotation_000.txt","u_blind_on.txt","u_construction_sfiso.txt","abs_60.txt","glass_fs39.txt","afn_openingfactor100.txt","u_shade_000_geom_0_0_0.txt","u_wwr_50_geom_0_0_0.txt","g",31,"RJ","unique",0,0.422648401826484,0.577351598173516,37.3091114728026,18.3237584482918,16140845724.051,0
"103","31_SC",0.0573972602739726,0.0560045662100458,0.886598173515982,31.1291689558511,14.4543317209714,2092811224.85655,265660601.462439,"u_g_geom_0_0_0.txt","rotation_000.txt","u_blind_on.txt","u_construction_sfiso.txt","abs_60.txt","glass_fs39.txt","afn_openingfactor100.txt","u_shade_000_geom_0_0_0.txt","u_wwr_50_geom_0_0_0.txt","g",31,"SC","unique",0.077808219178082,0.150730593607306,0.771461187214612,33.8467584624967,12.7381641878874,5687283780.76555,856449344.631878
"104","31_TO",0,0.21310502283105,0.786894977168949,35.7775455394481,20.3972563168205,9767991215.33075,0,"u_g_geom_0_0_0.txt","rotation_000.txt","u_blind_on.txt","u_construction_sfiso.txt","abs_60.txt","glass_fs39.txt","afn_openingfactor100.txt","u_shade_000_geom_0_0_0.txt","u_wwr_50_geom_0_0_0.txt","g",31,"TO","unique",0,0.470296803652968,0.529703196347032,37.1294060171596,22.9477182217018,23576266928.519,0
"105","32_PR",0.204315068493151,0.0121004566210046,0.783584474885845,27.5689204966589,14.6273708661669,288951570.689337,867155079.00354,"u_g_geom_0_0_0.txt","rotation_000.txt","u_blind_on.txt","u_construction_sfiso.txt","abs_60.txt","glass_fs39.txt","afn_openingfactor100.txt","u_shade_050_geom_0_0_0.txt","u_fenes_17_geom_0_0_0.txt","g",32,"PR","unique",0.259406392694064,0.041552511415525,0.699041095890411,31.4037336937177,12.8865280441075,1599647057.86488,3135382035.61185
"106","32_RJ",0,0.237305936073059,0.762694063926941,33.4714299301759,18.2988543925129,6957382459.12985,0,"u_g_geom_0_0_0.txt","rotation_000.txt","u_blind_on.txt","u_construction_sfiso.txt","abs_60.txt","glass_fs39.txt","afn_openingfactor100.txt","u_shade_050_geom_0_0_0.txt","u_fenes_17_geom_0_0_0.txt","g",32,"RJ","unique",0,0.422648401826484,0.577351598173516,37.3091114728026,18.3237584482918,16140845724.051,0
"107","32_SC",0.0372374429223744,0.0505707762557077,0.912191780821918,30.3891768294197,15.5727594033057,1508415211.18889,129454353.009924,"u_g_geom_0_0_0.txt","rotation_000.txt","u_blind_on.txt","u_construction_sfiso.txt","abs_60.txt","glass_fs39.txt","afn_openingfactor100.txt","u_shade_050_geom_0_0_0.txt","u_fenes_17_geom_0_0_0.txt","g",32,"SC","unique",0.077808219178082,0.150730593607306,0.771461187214612,33.8467584624967,12.7381641878874,5687283780.76555,856449344.631878
"108","32_TO",0,0.24148401826484,0.75851598173516,33.9200551483712,21.6395959922828,9258880182.06408,0,"u_g_geom_0_0_0.txt","rotation_000.txt","u_blind_on.txt","u_construction_sfiso.txt","abs_60.txt","glass_fs39.txt","afn_openingfactor100.txt","u_shade_050_geom_0_0_0.txt","u_fenes_17_geom_0_0_0.txt","g",32,"TO","unique",0,0.470296803652968,0.529703196347032,37.1294060171596,22.9477182217018,23576266928.519,0
"109","33_PR",0.260433789954338,0.0204337899543379,0.719132420091324,28.599474882145,13.5941781486661,590062492.149028,1416596451.01305,"u_g_geom_0_0_0.txt","rotation_000.txt","u_blind_on.txt","u_construction_sfiso.txt","abs_60.txt","glass_fs39.txt","afn_openingfactor100.txt","u_shade_050_geom_0_0_0.txt","u_wwr_50_geom_0_0_0.txt","g",33,"PR","unique",0.259406392694064,0.041552511415525,0.699041095890411,31.4037336937177,12.8865280441075,1599647057.86488,3135382035.61185
"110","33_RJ",0.00100456621004566,0.181004566210046,0.817990867579909,34.5331220661905,17.7970996997823,6411778642.248,0,"u_g_geom_0_0_0.txt","rotation_000.txt","u_blind_on.txt","u_construction_sfiso.txt","abs_60.txt","glass_fs39.txt","afn_openingfactor100.txt","u_shade_050_geom_0_0_0.txt","u_wwr_50_geom_0_0_0.txt","g",33,"RJ","unique",0,0.422648401826484,0.577351598173516,37.3091114728026,18.3237584482918,16140845724.051,0
"111","33_SC",0.0568036529680366,0.0485844748858446,0.894611872146119,30.6728005799909,14.5175602395185,1676552809.43441,261127575.333769,"u_g_geom_0_0_0.txt","rotation_000.txt","u_blind_on.txt","u_construction_sfiso.txt","abs_60.txt","glass_fs39.txt","afn_openingfactor100.txt","u_shade_050_geom_0_0_0.txt","u_wwr_50_geom_0_0_0.txt","g",33,"SC","unique",0.077808219178082,0.150730593607306,0.771461187214612,33.8467584624967,12.7381641878874,5687283780.76555,856449344.631878
"112","33_TO",0,0.209611872146119,0.790388127853881,35.0370531674201,20.41223242563,9185106080.41818,0,"u_g_geom_0_0_0.txt","rotation_000.txt","u_blind_on.txt","u_construction_sfiso.txt","abs_60.txt","glass_fs39.txt","afn_openingfactor100.txt","u_shade_050_geom_0_0_0.txt","u_wwr_50_geom_0_0_0.txt","g",33,"TO","unique",0,0.470296803652968,0.529703196347032,37.1294060171596,22.9477182217018,23576266928.519,0
"113","34_PR",0.211392694063927,0.00547945205479453,0.783127853881279,27.0001972406498,14.6029806894106,123785731.418893,927465810.13492,"u_g_geom_0_0_0.txt","rotation_000.txt","u_blind_on.txt","u_construction_sfiso.txt","abs_60.txt","glass_fs39.txt","afn_openingfactor100.txt","u_shade_150_geom_0_0_0.txt","u_fenes_17_geom_0_0_0.txt","g",34,"PR","unique",0.259406392694064,0.041552511415525,0.699041095890411,31.4037336937177,12.8865280441075,1599647057.86488,3135382035.61185
"114","34_RJ",0,0.22027397260274,0.77972602739726,32.8605812409298,18.3088455393849,6288455162.32093,0,"u_g_geom_0_0_0.txt","rotation_000.txt","u_blind_on.txt","u_construction_sfiso.txt","abs_60.txt","glass_fs39.txt","afn_openingfactor100.txt","u_shade_150_geom_0_0_0.txt","u_fenes_17_geom_0_0_0.txt","g",34,"RJ","unique",0,0.422648401826484,0.577351598173516,37.3091114728026,18.3237584482918,16140845724.051,0
"115","34_SC",0.0365753424657534,0.0415525114155251,0.921872146118721,30.0728428628337,15.6375815335306,1175583643.8231,126719898.389665,"u_g_geom_0_0_0.txt","rotation_000.txt","u_blind_on.txt","u_construction_sfiso.txt","abs_60.txt","glass_fs39.txt","afn_openingfactor100.txt","u_shade_150_geom_0_0_0.txt","u_fenes_17_geom_0_0_0.txt","g",34,"SC","unique",0.077808219178082,0.150730593607306,0.771461187214612,33.8467584624967,12.7381641878874,5687283780.76555,856449344.631878
"116","34_TO",0,0.237054794520548,0.762945205479452,33.4526918111754,21.6350397807312,8730801368.59586,0,"u_g_geom_0_0_0.txt","rotation_000.txt","u_blind_on.txt","u_construction_sfiso.txt","abs_60.txt","glass_fs39.txt","afn_openingfactor100.txt","u_shade_150_geom_0_0_0.txt","u_fenes_17_geom_0_0_0.txt","g",34,"TO","unique",0,0.470296803652968,0.529703196347032,37.1294060171596,22.9477182217018,23576266928.519,0
"117","35_PR",0.270936073059361,0.0118721461187215,0.717191780821918,27.7874355262185,13.5713865688955,297712752.901015,1516739061.1466,"u_g_geom_0_0_0.txt","rotation_000.txt","u_blind_on.txt","u_construction_sfiso.txt","abs_60.txt","glass_fs39.txt","afn_openingfactor100.txt","u_shade_150_geom_0_0_0.txt","u_wwr_50_geom_0_0_0.txt","g",35,"PR","unique",0.259406392694064,0.041552511415525,0.699041095890411,31.4037336937177,12.8865280441075,1599647057.86488,3135382035.61185
"118","35_RJ",0.000182648401826484,0.166324200913242,0.833493150684932,33.7230846008658,17.9966180769894,5654619135.60638,0,"u_g_geom_0_0_0.txt","rotation_000.txt","u_blind_on.txt","u_construction_sfiso.txt","abs_60.txt","glass_fs39.txt","afn_openingfactor100.txt","u_shade_150_geom_0_0_0.txt","u_wwr_50_geom_0_0_0.txt","g",35,"RJ","unique",0,0.422648401826484,0.577351598173516,37.3091114728026,18.3237584482918,16140845724.051,0
"119","35_SC",0.0572146118721461,0.0377397260273973,0.905045662100457,30.304772522702,14.6104190079522,1195157414.75822,267028856.009886,"u_g_geom_0_0_0.txt","rotation_000.txt","u_blind_on.txt","u_construction_sfiso.txt","abs_60.txt","glass_fs39.txt","afn_openingfactor100.txt","u_shade_150_geom_0_0_0.txt","u_wwr_50_geom_0_0_0.txt","g",35,"SC","unique",0.077808219178082,0.150730593607306,0.771461187214612,33.8467584624967,12.7381641878874,5687283780.76555,856449344.631878
"120","35_TO",0,0.204611872146119,0.795388127853881,34.3597479937104,20.4319653279742,8527569028.63554,0,"u_g_geom_0_0_0.txt","rotation_000.txt","u_blind_on.txt","u_construction_sfiso.txt","abs_60.txt","glass_fs39.txt","afn_openingfactor100.txt","u_shade_150_geom_0_0_0.txt","u_wwr_50_geom_0_0_0.txt","g",35,"TO","unique",0,0.470296803652968,0.529703196347032,37.1294060171596,22.9477182217018,23576266928.519,0
"121","36_PR",0.179634703196347,0.0245433789954338,0.795821917808219,28.5531585539273,14.8921534992446,689902918.04997,691886638.742761,"u_g_geom_0_0_0.txt","rotation_000.txt","u_blind_on.txt","u_construction_sfiso.txt","abs_60.txt","glass_fs87.txt","afn_openingfactor100.txt","u_shade_000_geom_0_0_0.txt","u_fenes_17_geom_0_0_0.txt","g",36,"PR","unique",0.259406392694064,0.041552511415525,0.699041095890411,31.4037336937177,12.8865280441075,1599647057.86488,3135382035.61185
"122","36_RJ",0,0.267146118721461,0.732853881278539,34.3250629435742,18.3800403731632,8006275982.07662,0,"u_g_geom_0_0_0.txt","rotation_000.txt","u_blind_on.txt","u_construction_sfiso.txt","abs_60.txt","glass_fs87.txt","afn_openingfactor100.txt","u_shade_000_geom_0_0_0.txt","u_fenes_17_geom_0_0_0.txt","g",36,"RJ","unique",0,0.422648401826484,0.577351598173516,37.3091114728026,18.3237584482918,16140845724.051,0
"123","36_SC",0.0311643835616439,0.0679452054794522,0.900890410958904,30.9453865093533,15.6552909395925,2180710946.93835,101213554.812982,"u_g_geom_0_0_0.txt","rotation_000.txt","u_blind_on.txt","u_construction_sfiso.txt","abs_60.txt","glass_fs87.txt","afn_openingfactor100.txt","u_shade_000_geom_0_0_0.txt","u_fenes_17_geom_0_0_0.txt","g",36,"SC","unique",0.077808219178082,0.150730593607306,0.771461187214612,33.8467584624967,12.7381641878874,5687283780.76555,856449344.631878
"124","36_TO",0,0.256324200913242,0.743675799086758,34.6609750298864,21.6854384229045,10201783476.6806,0,"u_g_geom_0_0_0.txt","rotation_000.txt","u_blind_on.txt","u_construction_sfiso.txt","abs_60.txt","glass_fs87.txt","afn_openingfactor100.txt","u_shade_000_geom_0_0_0.txt","u_fenes_17_geom_0_0_0.txt","g",36,"TO","unique",0,0.470296803652968,0.529703196347032,37.1294060171596,22.9477182217018,23576266928.519,0
"125","37_PR",0.215433789954338,0.0366210045662099,0.747945205479452,30.1943864771228,14.0888582287172,1440083036.07215,1032046791.05514,"u_g_geom_0_0_0.txt","rotation_000.txt","u_blind_on.txt","u_construction_sfiso.txt","abs_60.txt","glass_fs87.txt","afn_openingfactor100.txt","u_shade_000_geom_0_0_0.txt","u_wwr_50_geom_0_0_0.txt","g",37,"PR","unique",0.259406392694064,0.041552511415525,0.699041095890411,31.4037336937177,12.8865280441075,1599647057.86488,3135382035.61185
"126","37_RJ",0.000456621004566209,0.2037899543379,0.795753424657534,35.5800958966799,17.8544436647651,7712035038.76014,0,"u_g_geom_0_0_0.txt","rotation_000.txt","u_blind_on.txt","u_construction_sfiso.txt","abs_60.txt","glass_fs87.txt","afn_openingfactor100.txt","u_shade_000_geom_0_0_0.txt","u_wwr_50_geom_0_0_0.txt","g",37,"RJ","unique",0,0.422648401826484,0.577351598173516,37.3091114728026,18.3237584482918,16140845724.051,0
"127","37_SC",0.043972602739726,0.0706849315068493,0.885342465753425,31.5231436878751,14.6843878756589,2865131717.84208,185848536.280858,"u_g_geom_0_0_0.txt","rotation_000.txt","u_blind_on.txt","u_construction_sfiso.txt","abs_60.txt","glass_fs87.txt","afn_openingfactor100.txt","u_shade_000_geom_0_0_0.txt","u_wwr_50_geom_0_0_0.txt","g",37,"SC","unique",0.077808219178082,0.150730593607306,0.771461187214612,33.8467584624967,12.7381641878874,5687283780.76555,856449344.631878
"128","37_TO",0,0.22041095890411,0.779589041095891,36.0623116825035,20.437589123394,10307678995.2602,0,"u_g_geom_0_0_0.txt","rotation_000.txt","u_blind_on.txt","u_construction_sfiso.txt","abs_60.txt","glass_fs87.txt","afn_openingfactor100.txt","u_shade_000_geom_0_0_0.txt","u_wwr_50_geom_0_0_0.txt","g",37,"TO","unique",0,0.470296803652968,0.529703196347032,37.1294060171596,22.9477182217018,23576266928.519,0
"129","38_PR",0.185068493150685,0.0175799086757991,0.797351598173516,27.8930893473779,14.8342019478728,444245264.509576,730194544.653384,"u_g_geom_0_0_0.txt","rotation_000.txt","u_blind_on.txt","u_construction_sfiso.txt","abs_60.txt","glass_fs87.txt","afn_openingfactor100.txt","u_shade_050_geom_0_0_0.txt","u_fenes_17_geom_0_0_0.txt","g",38,"PR","unique",0.259406392694064,0.041552511415525,0.699041095890411,31.4037336937177,12.8865280441075,1599647057.86488,3135382035.61185
"130","38_RJ",0,0.25310502283105,0.74689497716895,33.6819131805588,18.3398357442415,7423965059.70018,0,"u_g_geom_0_0_0.txt","rotation_000.txt","u_blind_on.txt","u_construction_sfiso.txt","abs_60.txt","glass_fs87.txt","afn_openingfactor100.txt","u_shade_050_geom_0_0_0.txt","u_fenes_17_geom_0_0_0.txt","g",38,"RJ","unique",0,0.422648401826484,0.577351598173516,37.3091114728026,18.3237584482918,16140845724.051,0
"131","38_SC",0.0319406392694064,0.0595890410958906,0.908470319634703,30.5060202759594,15.679721541332,1820187721.2636,103449059.285678,"u_g_geom_0_0_0.txt","rotation_000.txt","u_blind_on.txt","u_construction_sfiso.txt","abs_60.txt","glass_fs87.txt","afn_openingfactor100.txt","u_shade_050_geom_0_0_0.txt","u_fenes_17_geom_0_0_0.txt","g",38,"SC","unique",0.077808219178082,0.150730593607306,0.771461187214612,33.8467584624967,12.7381641878874,5687283780.76555,856449344.631878
"132","38_TO",0,0.247648401826484,0.752351598173516,34.0686274198734,21.6722036618414,9583467761.67441,0,"u_g_geom_0_0_0.txt","rotation_000.txt","u_blind_on.txt","u_construction_sfiso.txt","abs_60.txt","glass_fs87.txt","afn_openingfactor100.txt","u_shade_050_geom_0_0_0.txt","u_fenes_17_geom_0_0_0.txt","g",38,"TO","unique",0,0.470296803652968,0.529703196347032,37.1294060171596,22.9477182217018,23576266928.519,0
"133","39_PR",0.228310502283105,0.0267123287671233,0.744977168949772,29.2525378660491,13.9528264857594,883863486.321174,1135356252.23598,"u_g_geom_0_0_0.txt","rotation_000.txt","u_blind_on.txt","u_construction_sfiso.txt","abs_60.txt","glass_fs87.txt","afn_openingfactor100.txt","u_shade_050_geom_0_0_0.txt","u_wwr_50_geom_0_0_0.txt","g",39,"PR","unique",0.259406392694064,0.041552511415525,0.699041095890411,31.4037336937177,12.8865280441075,1599647057.86488,3135382035.61185
"134","39_RJ",9.1324200913242e-05,0.193607305936073,0.806301369863014,34.8291604050447,17.9142989531675,6990339970.67364,0,"u_g_geom_0_0_0.txt","rotation_000.txt","u_blind_on.txt","u_construction_sfiso.txt","abs_60.txt","glass_fs87.txt","afn_openingfactor100.txt","u_shade_050_geom_0_0_0.txt","u_wwr_50_geom_0_0_0.txt","g",39,"RJ","unique",0,0.422648401826484,0.577351598173516,37.3091114728026,18.3237584482918,16140845724.051,0
"135","39_SC",0.0447260273972603,0.0611415525114156,0.894132420091324,30.8338853350428,14.6962890258653,2212796288.17124,195187497.336821,"u_g_geom_0_0_0.txt","rotation_000.txt","u_blind_on.txt","u_construction_sfiso.txt","abs_60.txt","glass_fs87.txt","afn_openingfactor100.txt","u_shade_050_geom_0_0_0.txt","u_wwr_50_geom_0_0_0.txt","g",39,"SC","unique",0.077808219178082,0.150730593607306,0.771461187214612,33.8467584624967,12.7381641878874,5687283780.76555,856449344.631878
"136","39_TO",0,0.215913242009132,0.784086757990868,35.2688033488717,20.4449200740949,9614780554.54639,0,"u_g_geom_0_0_0.txt","rotation_000.txt","u_blind_on.txt","u_construction_sfiso.txt","abs_60.txt","glass_fs87.txt","afn_openingfactor100.txt","u_shade_050_geom_0_0_0.txt","u_wwr_50_geom_0_0_0.txt","g",39,"TO","unique",0,0.470296803652968,0.529703196347032,37.1294060171596,22.9477182217018,23576266928.519,0
"137","4_PR",0.234726027397261,0,0.76527397260274,25.3558975786856,14.589517673869,0,1073988953.34899,"u_g_geom_0_0_0.txt","rotation_000.txt","u_blind_on.txt","u_construction_sfiso.txt","abs_20.txt","glass_double-fs87.txt","afn_openingfactor100.txt","u_shade_150_geom_0_0_0.txt","u_fenes_17_geom_0_0_0.txt","g",4,"PR","unique",0.259406392694064,0.041552511415525,0.699041095890411,31.4037336937177,12.8865280441075,1599647057.86488,3135382035.61185
"138","4_RJ",0,0.167351598173516,0.832648401826484,31.0297061155969,18.3195029939477,4492856663.05808,0,"u_g_geom_0_0_0.txt","rotation_000.txt","u_blind_on.txt","u_construction_sfiso.txt","abs_20.txt","glass_double-fs87.txt","afn_openingfactor100.txt","u_shade_150_geom_0_0_0.txt","u_fenes_17_geom_0_0_0.txt","g",4,"RJ","unique",0,0.422648401826484,0.577351598173516,37.3091114728026,18.3237584482918,16140845724.051,0
"139","4_SC",0.0394063926940639,0.020662100456621,0.939931506849315,28.5317350690965,15.6979447367156,504032970.806112,134165005.713748,"u_g_geom_0_0_0.txt","rotation_000.txt","u_blind_on.txt","u_construction_sfiso.txt","abs_20.txt","glass_double-fs87.txt","afn_openingfactor100.txt","u_shade_150_geom_0_0_0.txt","u_fenes_17_geom_0_0_0.txt","g",4,"SC","unique",0.077808219178082,0.150730593607306,0.771461187214612,33.8467584624967,12.7381641878874,5687283780.76555,856449344.631878
"140","4_TO",0,0.20216894977169,0.79783105022831,31.5952951992933,21.4763048279212,6556840684.44099,0,"u_g_geom_0_0_0.txt","rotation_000.txt","u_blind_on.txt","u_construction_sfiso.txt","abs_20.txt","glass_double-fs87.txt","afn_openingfactor100.txt","u_shade_150_geom_0_0_0.txt","u_fenes_17_geom_0_0_0.txt","g",4,"TO","unique",0,0.470296803652968,0.529703196347032,37.1294060171596,22.9477182217018,23576266928.519,0
"141","40_PR",0.200068493150685,0.00878995433789953,0.791141552511415,27.2128818164846,14.731589453531,201602890.595142,838380806.615147,"u_g_geom_0_0_0.txt","rotation_000.txt","u_blind_on.txt","u_construction_sfiso.txt","abs_60.txt","glass_fs87.txt","afn_openingfactor100.txt","u_shade_150_geom_0_0_0.txt","u_fenes_17_geom_0_0_0.txt","g",40,"PR","unique",0.259406392694064,0.041552511415525,0.699041095890411,31.4037336937177,12.8865280441075,1599647057.86488,3135382035.61185
"142","40_RJ",0,0.228424657534247,0.771575342465754,33.0106377346881,18.3192604995003,6541207238.44633,0,"u_g_geom_0_0_0.txt","rotation_000.txt","u_blind_on.txt","u_construction_sfiso.txt","abs_60.txt","glass_fs87.txt","afn_openingfactor100.txt","u_shade_150_geom_0_0_0.txt","u_fenes_17_geom_0_0_0.txt","g",40,"RJ","unique",0,0.422648401826484,0.577351598173516,37.3091114728026,18.3237584482918,16140845724.051,0
"143","40_SC",0.0335844748858447,0.0460958904109588,0.920319634703196,30.158288889956,15.7001656646689,1323157356.86761,111539486.072789,"u_g_geom_0_0_0.txt","rotation_000.txt","u_blind_on.txt","u_construction_sfiso.txt","abs_60.txt","glass_fs87.txt","afn_openingfactor100.txt","u_shade_150_geom_0_0_0.txt","u_fenes_17_geom_0_0_0.txt","g",40,"SC","unique",0.077808219178082,0.150730593607306,0.771461187214612,33.8467584624967,12.7381641878874,5687283780.76555,856449344.631878
"144","40_TO",0,0.240593607305936,0.759406392694064,33.5586233318022,21.6568121844394,8922141859.48247,0,"u_g_geom_0_0_0.txt","rotation_000.txt","u_blind_on.txt","u_construction_sfiso.txt","abs_60.txt","glass_fs87.txt","afn_openingfactor100.txt","u_shade_150_geom_0_0_0.txt","u_fenes_17_geom_0_0_0.txt","g",40,"TO","unique",0,0.470296803652968,0.529703196347032,37.1294060171596,22.9477182217018,23576266928.519,0
"145","41_PR",0.247374429223744,0.0167808219178082,0.735844748858448,28.2523557374875,13.7963031752646,456380414.835675,1314074507.51104,"u_g_geom_0_0_0.txt","rotation_000.txt","u_blind_on.txt","u_construction_sfiso.txt","abs_60.txt","glass_fs87.txt","afn_openingfactor100.txt","u_shade_150_geom_0_0_0.txt","u_wwr_50_geom_0_0_0.txt","g",41,"PR","unique",0.259406392694064,0.041552511415525,0.699041095890411,31.4037336937177,12.8865280441075,1599647057.86488,3135382035.61185
"146","41_RJ",0.000182648401826484,0.175456621004566,0.824360730593607,33.9567171839023,17.9338627872877,6007671520.01389,0,"u_g_geom_0_0_0.txt","rotation_000.txt","u_blind_on.txt","u_construction_sfiso.txt","abs_60.txt","glass_fs87.txt","afn_openingfactor100.txt","u_shade_150_geom_0_0_0.txt","u_wwr_50_geom_0_0_0.txt","g",41,"RJ","unique",0,0.422648401826484,0.577351598173516,37.3091114728026,18.3237584482918,16140845724.051,0
"147","41_SC",0.0488127853881278,0.0461187214611871,0.905068493150685,30.4243657668801,14.7145796942634,1491315920.33742,218158902.807691,"u_g_geom_0_0_0.txt","rotation_000.txt","u_blind_on.txt","u_construction_sfiso.txt","abs_60.txt","glass_fs87.txt","afn_openingfactor100.txt","u_shade_150_geom_0_0_0.txt","u_wwr_50_geom_0_0_0.txt","g",41,"SC","unique",0.077808219178082,0.150730593607306,0.771461187214612,33.8467584624967,12.7381641878874,5687283780.76555,856449344.631878
"148","41_TO",0,0.209315068493151,0.790684931506849,34.5366302283553,20.454253198857,8823848575.39774,0,"u_g_geom_0_0_0.txt","rotation_000.txt","u_blind_on.txt","u_construction_sfiso.txt","abs_60.txt","glass_fs87.txt","afn_openingfactor100.txt","u_shade_150_geom_0_0_0.txt","u_wwr_50_geom_0_0_0.txt","g",41,"TO","unique",0,0.470296803652968,0.529703196347032,37.1294060171596,22.9477182217018,23576266928.519,0
"149","42_PR",0.193424657534247,0.0162100456621005,0.790365296803653,27.8473618898352,14.8503850675756,406630091.795608,750033909.007549,"u_g_geom_0_0_0.txt","rotation_000.txt","u_blind_on.txt","u_construction_sfiso.txt","abs_60.txt","glass_double-fs39-87.txt","afn_openingfactor100.txt","u_shade_000_geom_0_0_0.txt","u_fenes_17_geom_0_0_0.txt","g",42,"PR","unique",0.259406392694064,0.041552511415525,0.699041095890411,31.4037336937177,12.8865280441075,1599647057.86488,3135382035.61185
"150","42_RJ",0,0.250045662100457,0.749954337899543,33.8214055130863,18.2355008691238,7340411396.31636,0,"u_g_geom_0_0_0.txt","rotation_000.txt","u_blind_on.txt","u_construction_sfiso.txt","abs_60.txt","glass_double-fs39-87.txt","afn_openingfactor100.txt","u_shade_000_geom_0_0_0.txt","u_fenes_17_geom_0_0_0.txt","g",42,"RJ","unique",0,0.422648401826484,0.577351598173516,37.3091114728026,18.3237584482918,16140845724.051,0
"151","42_SC",0.0343607305936073,0.054931506849315,0.910707762557078,30.6864750405151,15.7271969589409,1688422518.96278,107416916.90758,"u_g_geom_0_0_0.txt","rotation_000.txt","u_blind_on.txt","u_construction_sfiso.txt","abs_60.txt","glass_double-fs39-87.txt","afn_openingfactor100.txt","u_shade_000_geom_0_0_0.txt","u_fenes_17_geom_0_0_0.txt","g",42,"SC","unique",0.077808219178082,0.150730593607306,0.771461187214612,33.8467584624967,12.7381641878874,5687283780.76555,856449344.631878
"152","42_TO",0,0.247077625570776,0.752922374429224,34.2533427094936,21.6899276541466,9604093943.56174,0,"u_g_geom_0_0_0.txt","rotation_000.txt","u_blind_on.txt","u_construction_sfiso.txt","abs_60.txt","glass_double-fs39-87.txt","afn_openingfactor100.txt","u_shade_000_geom_0_0_0.txt","u_fenes_17_geom_0_0_0.txt","g",42,"TO","unique",0,0.470296803652968,0.529703196347032,37.1294060171596,22.9477182217018,23576266928.519,0
"153","43_PR",0.236301369863014,0.0231735159817352,0.740525114155251,28.7844952782304,14.0986675970491,722336802.146807,1090385741.23464,"u_g_geom_0_0_0.txt","rotation_000.txt","u_blind_on.txt","u_construction_sfiso.txt","abs_60.txt","glass_double-fs39-87.txt","afn_openingfactor100.txt","u_shade_000_geom_0_0_0.txt","u_wwr_50_geom_0_0_0.txt","g",43,"PR","unique",0.259406392694064,0.041552511415525,0.699041095890411,31.4037336937177,12.8865280441075,1599647057.86488,3135382035.61185
"154","43_RJ",0.000365296803652967,0.187237442922375,0.812397260273973,34.7788650351683,17.8194920827709,6670728135.01591,0,"u_g_geom_0_0_0.txt","rotation_000.txt","u_blind_on.txt","u_construction_sfiso.txt","abs_60.txt","glass_double-fs39-87.txt","afn_openingfactor100.txt","u_shade_000_geom_0_0_0.txt","u_wwr_50_geom_0_0_0.txt","g",43,"RJ","unique",0,0.422648401826484,0.577351598173516,37.3091114728026,18.3237584482918,16140845724.051,0
"155","43_SC",0.0480593607305936,0.0518264840182648,0.900114155251142,30.9075945317729,14.9095970224587,1874896599.62881,186538913.348466,"u_g_geom_0_0_0.txt","rotation_000.txt","u_blind_on.txt","u_construction_sfiso.txt","abs_60.txt","glass_double-fs39-87.txt","afn_openingfactor100.txt","u_shade_000_geom_0_0_0.txt","u_wwr_50_geom_0_0_0.txt","g",43,"SC","unique",0.077808219178082,0.150730593607306,0.771461187214612,33.8467584624967,12.7381641878874,5687283780.76555,856449344.631878
"156","43_TO",0,0.213013698630137,0.786986301369863,35.2447639594085,20.4806867574135,9364113730.87111,0,"u_g_geom_0_0_0.txt","rotation_000.txt","u_blind_on.txt","u_construction_sfiso.txt","abs_60.txt","glass_double-fs39-87.txt","afn_openingfactor100.txt","u_shade_000_geom_0_0_0.txt","u_wwr_50_geom_0_0_0.txt","g",43,"TO","unique",0,0.470296803652968,0.529703196347032,37.1294060171596,22.9477182217018,23576266928.519,0
"157","44_PR",0.195319634703196,0.00924657534246577,0.795433789954338,27.4006298767939,14.8379843424786,217199816.9563,769895238.844057,"u_g_geom_0_0_0.txt","rotation_000.txt","u_blind_on.txt","u_construction_sfiso.txt","abs_60.txt","glass_double-fs39-87.txt","afn_openingfactor100.txt","u_shade_050_geom_0_0_0.txt","u_fenes_17_geom_0_0_0.txt","g",44,"PR","unique",0.259406392694064,0.041552511415525,0.699041095890411,31.4037336937177,12.8865280441075,1599647057.86488,3135382035.61185
"158","44_RJ",0,0.235228310502283,0.764771689497717,33.2746652084858,18.3457451112556,6817032201.34549,0,"u_g_geom_0_0_0.txt","rotation_000.txt","u_blind_on.txt","u_construction_sfiso.txt","abs_60.txt","glass_double-fs39-87.txt","afn_openingfactor100.txt","u_shade_050_geom_0_0_0.txt","u_fenes_17_geom_0_0_0.txt","g",44,"RJ","unique",0,0.422648401826484,0.577351598173516,37.3091114728026,18.3237584482918,16140845724.051,0
"159","44_SC",0.0337442922374429,0.047876712328767,0.91837899543379,30.2968492317228,15.7746993519424,1411418229.39536,106256215.751611,"u_g_geom_0_0_0.txt","rotation_000.txt","u_blind_on.txt","u_construction_sfiso.txt","abs_60.txt","glass_double-fs39-87.txt","afn_openingfactor100.txt","u_shade_050_geom_0_0_0.txt","u_fenes_17_geom_0_0_0.txt","g",44,"SC","unique",0.077808219178082,0.150730593607306,0.771461187214612,33.8467584624967,12.7381641878874,5687283780.76555,856449344.631878
"160","44_TO",0,0.241369863013699,0.758630136986301,33.7235541325268,21.684946186186,9110069042.17563,0,"u_g_geom_0_0_0.txt","rotation_000.txt","u_blind_on.txt","u_construction_sfiso.txt","abs_60.txt","glass_double-fs39-87.txt","afn_openingfactor100.txt","u_shade_050_geom_0_0_0.txt","u_fenes_17_geom_0_0_0.txt","g",44,"TO","unique",0,0.470296803652968,0.529703196347032,37.1294060171596,22.9477182217018,23576266928.519,0
"161","45_PR",0.242260273972603,0.0171232876712329,0.740616438356164,28.1808696249672,14.0639216075027,467036987.353746,1142522018.69601,"u_g_geom_0_0_0.txt","rotation_000.txt","u_blind_on.txt","u_construction_sfiso.txt","abs_60.txt","glass_double-fs39-87.txt","afn_openingfactor100.txt","u_shade_050_geom_0_0_0.txt","u_wwr_50_geom_0_0_0.txt","g",45,"PR","unique",0.259406392694064,0.041552511415525,0.699041095890411,31.4037336937177,12.8865280441075,1599647057.86488,3135382035.61185
"162","45_RJ",0.000547945205479452,0.177853881278539,0.821598173515982,34.0923882734528,17.9331006566864,6140906753.36436,0,"u_g_geom_0_0_0.txt","rotation_000.txt","u_blind_on.txt","u_construction_sfiso.txt","abs_60.txt","glass_double-fs39-87.txt","afn_openingfactor100.txt","u_shade_050_geom_0_0_0.txt","u_wwr_50_geom_0_0_0.txt","g",45,"RJ","unique",0,0.422648401826484,0.577351598173516,37.3091114728026,18.3237584482918,16140845724.051,0
"163","45_SC",0.0474657534246575,0.0448630136986302,0.907671232876712,30.493610792448,14.967511784732,1504000984.63844,188066186.181429,"u_g_geom_0_0_0.txt","rotation_000.txt","u_blind_on.txt","u_construction_sfiso.txt","abs_60.txt","glass_double-fs39-87.txt","afn_openingfactor100.txt","u_shade_050_geom_0_0_0.txt","u_wwr_50_geom_0_0_0.txt","g",45,"SC","unique",0.077808219178082,0.150730593607306,0.771461187214612,33.8467584624967,12.7381641878874,5687283780.76555,856449344.631878
"164","45_TO",0,0.209200913242009,0.790799086757991,34.5917182264986,20.4917796767984,8851475016.51693,0,"u_g_geom_0_0_0.txt","rotation_000.txt","u_blind_on.txt","u_construction_sfiso.txt","abs_60.txt","glass_double-fs39-87.txt","afn_openingfactor100.txt","u_shade_050_geom_0_0_0.txt","u_wwr_50_geom_0_0_0.txt","g",45,"TO","unique",0,0.470296803652968,0.529703196347032,37.1294060171596,22.9477182217018,23576266928.519,0
"165","46_PR",0.204086757990868,0.0045662100456621,0.79134703196347,26.8754564371406,14.8124901684692,101547593.630466,828951630.382363,"u_g_geom_0_0_0.txt","rotation_000.txt","u_blind_on.txt","u_construction_sfiso.txt","abs_60.txt","glass_double-fs39-87.txt","afn_openingfactor100.txt","u_shade_150_geom_0_0_0.txt","u_fenes_17_geom_0_0_0.txt","g",46,"PR","unique",0.259406392694064,0.041552511415525,0.699041095890411,31.4037336937177,12.8865280441075,1599647057.86488,3135382035.61185
"166","46_RJ",0,0.21986301369863,0.78013698630137,32.7125017138557,18.3805158981413,6214392440.58486,0,"u_g_geom_0_0_0.txt","rotation_000.txt","u_blind_on.txt","u_construction_sfiso.txt","abs_60.txt","glass_double-fs39-87.txt","afn_openingfactor100.txt","u_shade_150_geom_0_0_0.txt","u_fenes_17_geom_0_0_0.txt","g",46,"RJ","unique",0,0.422648401826484,0.577351598173516,37.3091114728026,18.3237584482918,16140845724.051,0
"167","46_SC",0.0336073059360731,0.0404566210045663,0.925936073059361,30.0027651878781,15.8300339473225,1131016514.21065,106500845.475732,"u_g_geom_0_0_0.txt","rotation_000.txt","u_blind_on.txt","u_construction_sfiso.txt","abs_60.txt","glass_double-fs39-87.txt","afn_openingfactor100.txt","u_shade_150_geom_0_0_0.txt","u_fenes_17_geom_0_0_0.txt","g",46,"SC","unique",0.077808219178082,0.150730593607306,0.771461187214612,33.8467584624967,12.7381641878874,5687283780.76555,856449344.631878
"168","46_TO",0,0.236826484018265,0.763173515981735,33.2935452583341,21.6764411187733,8602607428.17431,0,"u_g_geom_0_0_0.txt","rotation_000.txt","u_blind_on.txt","u_construction_sfiso.txt","abs_60.txt","glass_double-fs39-87.txt","afn_openingfactor100.txt","u_shade_150_geom_0_0_0.txt","u_fenes_17_geom_0_0_0.txt","g",46,"TO","unique",0,0.470296803652968,0.529703196347032,37.1294060171596,22.9477182217018,23576266928.519,0
"169","47_PR",0.251118721461187,0.00878995433789953,0.740091324200913,27.4196886264081,14.0293076819459,215720196.579275,1232134932.37159,"u_g_geom_0_0_0.txt","rotation_000.txt","u_blind_on.txt","u_construction_sfiso.txt","abs_60.txt","glass_double-fs39-87.txt","afn_openingfactor100.txt","u_shade_150_geom_0_0_0.txt","u_wwr_50_geom_0_0_0.txt","g",47,"PR","unique",0.259406392694064,0.041552511415525,0.699041095890411,31.4037336937177,12.8865280441075,1599647057.86488,3135382035.61185
"170","47_RJ",0.000365296803652967,0.164063926940639,0.835570776255708,33.3427601378166,17.902930624456,5477234240.4728,0,"u_g_geom_0_0_0.txt","rotation_000.txt","u_blind_on.txt","u_construction_sfiso.txt","abs_60.txt","glass_double-fs39-87.txt","afn_openingfactor100.txt","u_shade_150_geom_0_0_0.txt","u_wwr_50_geom_0_0_0.txt","g",47,"RJ","unique",0,0.422648401826484,0.577351598173516,37.3091114728026,18.3237584482918,16140845724.051,0
"171","47_SC",0.0475570776255708,0.0356849315068493,0.91675799086758,30.1747701927828,15.0391495803436,1106053573.79323,189788310.591495,"u_g_geom_0_0_0.txt","rotation_000.txt","u_blind_on.txt","u_construction_sfiso.txt","abs_60.txt","glass_double-fs39-87.txt","afn_openingfactor100.txt","u_shade_150_geom_0_0_0.txt","u_wwr_50_geom_0_0_0.txt","g",47,"SC","unique",0.077808219178082,0.150730593607306,0.771461187214612,33.8467584624967,12.7381641878874,5687283780.76555,856449344.631878
"172","47_TO",0,0.204269406392694,0.795730593607306,34.0026726291554,20.503149510291,8248638413.67934,0,"u_g_geom_0_0_0.txt","rotation_000.txt","u_blind_on.txt","u_construction_sfiso.txt","abs_60.txt","glass_double-fs39-87.txt","afn_openingfactor100.txt","u_shade_150_geom_0_0_0.txt","u_wwr_50_geom_0_0_0.txt","g",47,"TO","unique",0,0.470296803652968,0.529703196347032,37.1294060171596,22.9477182217018,23576266928.519,0
"173","5_PR",0.259840182648402,0.00102739726027397,0.739132420091324,26.3538083496039,13.9886485189531,21501447.7881195,1314872228.75328,"u_g_geom_0_0_0.txt","rotation_000.txt","u_blind_on.txt","u_construction_sfiso.txt","abs_20.txt","glass_double-fs87.txt","afn_openingfactor100.txt","u_shade_150_geom_0_0_0.txt","u_wwr_50_geom_0_0_0.txt","g",5,"PR","unique",0.259406392694064,0.041552511415525,0.699041095890411,31.4037336937177,12.8865280441075,1599647057.86488,3135382035.61185
"174","5_RJ",0.000365296803652967,0.141666666666667,0.85796803652968,31.90440647829,17.890560136917,4427757927.25505,0,"u_g_geom_0_0_0.txt","rotation_000.txt","u_blind_on.txt","u_construction_sfiso.txt","abs_20.txt","glass_double-fs87.txt","afn_openingfactor100.txt","u_shade_150_geom_0_0_0.txt","u_wwr_50_geom_0_0_0.txt","g",5,"RJ","unique",0,0.422648401826484,0.577351598173516,37.3091114728026,18.3237584482918,16140845724.051,0
"175","5_SC",0.0498401826484018,0.028013698630137,0.922146118721461,29.3850818150331,14.9948008225213,782389102.37503,201329387.400672,"u_g_geom_0_0_0.txt","rotation_000.txt","u_blind_on.txt","u_construction_sfiso.txt","abs_20.txt","glass_double-fs87.txt","afn_openingfactor100.txt","u_shade_150_geom_0_0_0.txt","u_wwr_50_geom_0_0_0.txt","g",5,"SC","unique",0.077808219178082,0.150730593607306,0.771461187214612,33.8467584624967,12.7381641878874,5687283780.76555,856449344.631878
"176","5_TO",0,0.186027397260274,0.813972602739726,32.56761050662,20.3909671098611,6892640428.19815,0,"u_g_geom_0_0_0.txt","rotation_000.txt","u_blind_on.txt","u_construction_sfiso.txt","abs_20.txt","glass_double-fs87.txt","afn_openingfactor100.txt","u_shade_150_geom_0_0_0.txt","u_wwr_50_geom_0_0_0.txt","g",5,"TO","unique",0,0.470296803652968,0.529703196347032,37.1294060171596,22.9477182217018,23576266928.519,0
"177","6_PR",0.256027397260274,0,0.743972602739726,25.9417890712252,14.2077740938182,0,1255550376.35455,"u_g_geom_0_0_0.txt","rotation_000.txt","u_blind_on.txt","u_construction_sfiso.txt","abs_20.txt","glass_fs39.txt","afn_openingfactor100.txt","u_shade_000_geom_0_0_0.txt","u_fenes_17_geom_0_0_0.txt","g",6,"PR","unique",0.259406392694064,0.041552511415525,0.699041095890411,31.4037336937177,12.8865280441075,1599647057.86488,3135382035.61185
"178","6_RJ",0,0.177648401826484,0.822351598173516,31.6216063216855,18.3794995915605,4966912256.24537,0,"u_g_geom_0_0_0.txt","rotation_000.txt","u_blind_on.txt","u_construction_sfiso.txt","abs_20.txt","glass_fs39.txt","afn_openingfactor100.txt","u_shade_000_geom_0_0_0.txt","u_fenes_17_geom_0_0_0.txt","g",6,"RJ","unique",0,0.422648401826484,0.577351598173516,37.3091114728026,18.3237584482918,16140845724.051,0
"179","6_SC",0.0475342465753425,0.0281963470319635,0.924269406392694,29.2334588441425,15.2846153473767,758380282.474355,189344140.093388,"u_g_geom_0_0_0.txt","rotation_000.txt","u_blind_on.txt","u_construction_sfiso.txt","abs_20.txt","glass_fs39.txt","afn_openingfactor100.txt","u_shade_000_geom_0_0_0.txt","u_fenes_17_geom_0_0_0.txt","g",6,"SC","unique",0.077808219178082,0.150730593607306,0.771461187214612,33.8467584624967,12.7381641878874,5687283780.76555,856449344.631878
"180","6_TO",0,0.204931506849315,0.795068493150685,32.1743655963436,21.3532398253874,7075697671.44539,0,"u_g_geom_0_0_0.txt","rotation_000.txt","u_blind_on.txt","u_construction_sfiso.txt","abs_20.txt","glass_fs39.txt","afn_openingfactor100.txt","u_shade_000_geom_0_0_0.txt","u_fenes_17_geom_0_0_0.txt","g",6,"TO","unique",0,0.470296803652968,0.529703196347032,37.1294060171596,22.9477182217018,23576266928.519,0
"181","7_PR",0.290547945205479,0.0139269406392694,0.695525114155251,27.5912911349694,13.3018656521964,381850373.091552,1704444756.2384,"u_g_geom_0_0_0.txt","rotation_000.txt","u_blind_on.txt","u_construction_sfiso.txt","abs_20.txt","glass_fs39.txt","afn_openingfactor100.txt","u_shade_000_geom_0_0_0.txt","u_wwr_50_geom_0_0_0.txt","g",7,"PR","unique",0.259406392694064,0.041552511415525,0.699041095890411,31.4037336937177,12.8865280441075,1599647057.86488,3135382035.61185
"182","7_RJ",0.000639269406392694,0.160319634703197,0.839041095890411,33.4632648591184,17.9017002214136,5392862481.13326,7197.38433785869,"u_g_geom_0_0_0.txt","rotation_000.txt","u_blind_on.txt","u_construction_sfiso.txt","abs_20.txt","glass_fs39.txt","afn_openingfactor100.txt","u_shade_000_geom_0_0_0.txt","u_wwr_50_geom_0_0_0.txt","g",7,"RJ","unique",0,0.422648401826484,0.577351598173516,37.3091114728026,18.3237584482918,16140845724.051,0
"183","7_SC",0.0676712328767123,0.0411415525114156,0.891187214611872,30.1518170876293,14.2714223382178,1396577882.13657,339320796.940342,"u_g_geom_0_0_0.txt","rotation_000.txt","u_blind_on.txt","u_construction_sfiso.txt","abs_20.txt","glass_fs39.txt","afn_openingfactor100.txt","u_shade_000_geom_0_0_0.txt","u_wwr_50_geom_0_0_0.txt","g",7,"SC","unique",0.077808219178082,0.150730593607306,0.771461187214612,33.8467584624967,12.7381641878874,5687283780.76555,856449344.631878
"184","7_TO",0,0.19,0.81,33.9228990220943,20.2763296935768,7856273925.77221,0,"u_g_geom_0_0_0.txt","rotation_000.txt","u_blind_on.txt","u_construction_sfiso.txt","abs_20.txt","glass_fs39.txt","afn_openingfactor100.txt","u_shade_000_geom_0_0_0.txt","u_wwr_50_geom_0_0_0.txt","g",7,"TO","unique",0,0.470296803652968,0.529703196347032,37.1294060171596,22.9477182217018,23576266928.519,0
"185","8_PR",0.257739726027397,0,0.742260273972603,25.6679766000209,14.2268041250237,0,1269878755.31827,"u_g_geom_0_0_0.txt","rotation_000.txt","u_blind_on.txt","u_construction_sfiso.txt","abs_20.txt","glass_fs39.txt","afn_openingfactor100.txt","u_shade_050_geom_0_0_0.txt","u_fenes_17_geom_0_0_0.txt","g",8,"PR","unique",0.259406392694064,0.041552511415525,0.699041095890411,31.4037336937177,12.8865280441075,1599647057.86488,3135382035.61185
"186","8_RJ",0,0.170867579908676,0.829132420091324,31.3638407313087,18.3175344558417,4712254470.82123,0,"u_g_geom_0_0_0.txt","rotation_000.txt","u_blind_on.txt","u_construction_sfiso.txt","abs_20.txt","glass_fs39.txt","afn_openingfactor100.txt","u_shade_050_geom_0_0_0.txt","u_fenes_17_geom_0_0_0.txt","g",8,"RJ","unique",0,0.422648401826484,0.577351598173516,37.3091114728026,18.3237584482918,16140845724.051,0
"187","8_SC",0.0486301369863014,0.0240182648401826,0.927351598173516,28.8443806452836,15.3508588660252,614056486.922318,189812621.526432,"u_g_geom_0_0_0.txt","rotation_000.txt","u_blind_on.txt","u_construction_sfiso.txt","abs_20.txt","glass_fs39.txt","afn_openingfactor100.txt","u_shade_050_geom_0_0_0.txt","u_fenes_17_geom_0_0_0.txt","g",8,"SC","unique",0.077808219178082,0.150730593607306,0.771461187214612,33.8467584624967,12.7381641878874,5687283780.76555,856449344.631878
"188","8_TO",0,0.202922374429224,0.797077625570776,31.9224563340298,21.3782841169773,6840357726.02304,0,"u_g_geom_0_0_0.txt","rotation_000.txt","u_blind_on.txt","u_construction_sfiso.txt","abs_20.txt","glass_fs39.txt","afn_openingfactor100.txt","u_shade_050_geom_0_0_0.txt","u_fenes_17_geom_0_0_0.txt","g",8,"TO","unique",0,0.470296803652968,0.529703196347032,37.1294060171596,22.9477182217018,23576266928.519,0
"189","9_PR",0.295182648401827,0.00582191780821917,0.698995433789954,26.968035251827,13.2960345140798,136993903.448473,1753851294.77534,"u_g_geom_0_0_0.txt","rotation_000.txt","u_blind_on.txt","u_construction_sfiso.txt","abs_20.txt","glass_fs39.txt","afn_openingfactor100.txt","u_shade_050_geom_0_0_0.txt","u_wwr_50_geom_0_0_0.txt","g",9,"PR","unique",0.259406392694064,0.041552511415525,0.699041095890411,31.4037336937177,12.8865280441075,1599647057.86488,3135382035.61185
"190","9_RJ",0.000365296803652967,0.152009132420091,0.847625570776256,32.8171179457714,17.959011877744,4960559512.60567,0,"u_g_geom_0_0_0.txt","rotation_000.txt","u_blind_on.txt","u_construction_sfiso.txt","abs_20.txt","glass_fs39.txt","afn_openingfactor100.txt","u_shade_050_geom_0_0_0.txt","u_wwr_50_geom_0_0_0.txt","g",9,"RJ","unique",0,0.422648401826484,0.577351598173516,37.3091114728026,18.3237584482918,16140845724.051,0
"191","9_SC",0.0682191780821918,0.033675799086758,0.89810502283105,29.7638145909434,14.3515474930769,1027998194.3203,339618070.728781,"u_g_geom_0_0_0.txt","rotation_000.txt","u_blind_on.txt","u_construction_sfiso.txt","abs_20.txt","glass_fs39.txt","afn_openingfactor100.txt","u_shade_050_geom_0_0_0.txt","u_wwr_50_geom_0_0_0.txt","g",9,"SC","unique",0.077808219178082,0.150730593607306,0.771461187214612,33.8467584624967,12.7381641878874,5687283780.76555,856449344.631878
"192","9_TO",0,0.18675799086758,0.81324200913242,33.3279983912519,20.3065708326899,7413596021.52255,0,"u_g_geom_0_0_0.txt","rotation_000.txt","u_blind_on.txt","u_construction_sfiso.txt","abs_20.txt","glass_fs39.txt","afn_openingfactor100.txt","u_shade_050_geom_0_0_0.txt","u_wwr_50_geom_0_0_0.txt","g",9,"TO","unique",0,0.470296803652968,0.529703196347032,37.1294060171596,22.9477182217018,23576266928.519,0
